Timestamp,Weight (g),Temperature (°C),Speed (RPM),Count,Motor Status
2025-07-04 20:56:54,70.0,31.5,0.0,0,OFF
2025-07-04 20:56:54,70.0,31.0,0.0,0,OFF
2025-07-04 20:56:55,70.0,31.0,0.0,0,OFF
2025-07-04 20:56:55,70.0,32.0,0.0,0,OFF
2025-07-04 20:56:55,70.0,32.0,0.0,0,OFF
2025-07-04 20:56:56,70.0,31.5,0.0,0,OFF
2025-07-04 20:56:56,70.0,31.5,0.0,0,OFF
2025-07-04 20:56:56,70.0,31.5,0.0,0,OFF
2025-07-04 20:56:57,71.0,31.0,0.0,0,OFF
2025-07-04 20:56:57,71.0,31.0,0.0,0,OFF
2025-07-04 20:56:57,70.0,31.0,0.0,0,OFF
2025-07-04 20:56:57,70.0,31.0,0.0,0,OFF
2025-07-04 20:56:58,70.0,31.0,0.0,0,OFF
2025-07-04 20:56:58,70.0,31.0,0.0,0,OFF
2025-07-04 20:56:58,70.0,31.5,0.0,0,OFF
2025-07-04 20:56:59,70.0,31.5,0.0,0,OFF
2025-07-04 20:56:59,70.0,31.5,0.0,0,OFF
2025-07-04 20:56:59,70.0,31.5,0.0,0,OFF
2025-07-04 20:56:59,70.0,31.5,0.0,0,OFF
2025-07-04 20:57:00,70.0,31.5,0.0,0,OFF
2025-07-04 20:57:00,70.0,31.5,0.0,0,OFF
2025-07-04 20:57:00,70.0,31.5,0.0,0,OFF
2025-07-04 20:57:00,70.0,31.5,0.0,0,OFF
2025-07-04 20:57:01,70.0,31.5,0.0,0,OFF
2025-07-04 20:57:01,70.0,31.5,0.0,0,OFF
2025-07-04 20:57:01,70.0,31.5,0.0,0,OFF
2025-07-04 20:57:02,71.0,31.5,0.0,0,OFF
2025-07-04 20:57:02,71.0,31.5,0.0,0,OFF
2025-07-04 20:57:02,70.0,31.5,0.0,0,OFF
2025-07-04 20:57:03,70.0,31.5,0.0,0,OFF
2025-07-04 20:57:03,70.0,31.5,0.0,0,OFF
2025-07-04 20:57:03,70.0,31.5,0.0,0,OFF
2025-07-04 20:57:03,70.0,31.5,0.0,0,OFF
2025-07-04 20:57:03,70.0,31.5,0.0,0,OFF
2025-07-04 20:57:04,71.0,31.5,0.0,0,OFF
2025-07-04 20:57:04,71.0,31.5,0.0,0,OFF
2025-07-04 20:57:04,71.0,31.5,0.0,0,OFF
2025-07-04 20:57:04,70.0,31.5,0.0,0,OFF
2025-07-04 20:57:05,70.0,31.5,0.0,0,OFF
2025-07-04 20:57:05,70.0,31.5,0.0,0,OFF
2025-07-04 20:57:05,70.0,31.5,0.0,0,OFF
2025-07-04 20:57:06,70.0,31.5,0.0,0,OFF
2025-07-04 20:57:06,70.0,31.5,0.0,0,OFF
2025-07-04 20:57:06,70.0,31.0,0.0,0,OFF
2025-07-04 20:57:07,70.0,31.0,0.0,0,OFF
2025-07-04 20:57:07,71.0,31.5,0.0,0,OFF
2025-07-04 20:57:07,71.0,31.5,0.0,0,OFF
2025-07-04 20:57:07,70.0,31.5,0.0,0,OFF
2025-07-04 20:57:08,70.0,31.5,0.0,0,OFF
2025-07-04 20:57:08,70.0,31.5,0.0,0,OFF
2025-07-04 20:57:08,70.0,31.0,0.0,0,OFF
2025-07-04 20:57:08,70.0,31.5,0.0,0,OFF
2025-07-04 20:57:09,70.0,31.5,0.0,0,OFF
2025-07-04 20:57:09,70.0,31.5,0.0,0,OFF
2025-07-04 20:57:09,70.0,31.5,0.0,0,OFF
2025-07-04 20:57:09,70.0,31.5,0.0,0,OFF
2025-07-04 20:57:10,70.0,31.0,0.0,0,OFF
2025-07-04 20:57:10,70.0,31.0,0.0,0,OFF
2025-07-04 20:57:10,70.0,31.0,0.0,0,OFF
2025-07-04 20:57:11,70.0,31.5,0.0,0,OFF
2025-07-04 20:57:11,70.0,31.5,0.0,0,OFF
2025-07-04 20:57:11,70.0,31.5,0.0,0,OFF
2025-07-04 20:57:12,70.0,31.0,0.0,0,OFF
2025-07-04 20:57:12,70.0,31.0,0.0,0,OFF
2025-07-04 20:57:12,70.0,31.5,0.0,0,OFF
2025-07-04 20:57:12,70.0,31.5,0.0,0,OFF
2025-07-04 20:57:13,70.0,31.5,0.0,0,OFF
2025-07-04 20:57:13,70.0,31.5,0.0,0,OFF
2025-07-04 20:57:13,71.0,31.0,0.0,0,OFF
2025-07-04 20:57:13,71.0,31.0,0.0,0,OFF
2025-07-04 20:57:14,71.0,31.0,0.0,0,OFF
2025-07-04 20:57:14,70.0,31.0,0.0,0,OFF
2025-07-04 20:57:14,70.0,31.0,0.0,0,OFF
2025-07-04 20:57:14,70.0,31.0,0.0,0,OFF
2025-07-04 20:57:15,70.0,31.5,0.0,0,OFF
2025-07-04 20:57:15,70.0,31.5,0.0,0,OFF
2025-07-04 20:57:15,70.0,31.5,0.0,0,OFF
2025-07-04 20:57:16,70.0,31.5,0.0,0,OFF
2025-07-04 20:57:16,70.0,31.5,0.0,0,OFF
2025-07-04 20:57:16,70.0,31.5,0.0,0,OFF
2025-07-04 20:57:17,70.0,31.5,0.0,0,OFF
2025-07-04 20:57:17,70.0,31.5,0.0,0,OFF
2025-07-04 20:57:17,70.0,31.5,0.0,0,OFF
2025-07-04 20:57:17,70.0,31.0,0.0,0,OFF
2025-07-04 20:57:17,70.0,31.0,0.0,0,OFF
2025-07-04 20:57:18,70.0,31.0,0.0,0,OFF
2025-07-04 20:57:18,70.0,31.0,0.0,0,OFF
2025-07-04 20:57:18,70.0,31.0,0.0,0,OFF
2025-07-04 20:57:18,70.0,31.5,0.0,0,OFF
2025-07-04 20:57:19,70.0,31.5,0.0,0,OFF
2025-07-04 20:57:19,70.0,31.5,0.0,0,OFF
2025-07-04 20:57:19,70.0,31.5,0.0,0,OFF
2025-07-04 20:57:20,70.0,31.5,0.0,0,OFF
2025-07-04 20:57:20,70.0,31.5,0.0,0,OFF
2025-07-04 20:57:20,71.0,31.5,0.0,0,OFF
2025-07-04 20:57:21,71.0,31.5,0.0,0,OFF
2025-07-04 20:57:21,70.0,31.5,0.0,0,OFF
2025-07-04 20:57:21,70.0,31.5,0.0,0,OFF
2025-07-04 20:57:21,70.0,31.5,0.0,0,OFF
2025-07-04 20:57:22,70.0,31.5,0.0,0,OFF
2025-07-04 20:57:22,70.0,31.5,0.0,0,OFF
2025-07-04 20:57:22,71.0,31.5,0.0,0,OFF
2025-07-04 20:57:22,70.0,31.5,0.0,0,OFF
2025-07-04 20:57:23,70.0,31.5,0.0,0,OFF
2025-07-04 20:57:23,70.0,31.0,0.0,0,OFF
2025-07-04 20:57:23,70.0,31.0,0.0,0,OFF
2025-07-04 20:57:23,70.0,31.0,0.0,0,OFF
2025-07-04 20:57:24,70.0,31.5,0.0,0,OFF
2025-07-04 20:57:24,70.0,31.5,0.0,0,OFF
2025-07-04 20:57:24,71.0,31.0,0.0,0,OFF
2025-07-04 20:57:25,71.0,31.5,0.0,0,OFF
2025-07-04 20:57:25,71.0,31.5,0.0,0,OFF
2025-07-04 20:57:25,71.0,31.5,0.0,0,OFF
2025-07-04 20:57:26,71.0,31.5,0.0,0,OFF
2025-07-04 20:57:26,71.0,31.5,0.0,0,OFF
2025-07-04 20:57:26,70.0,31.0,0.0,0,OFF
2025-07-04 20:57:26,70.0,31.5,0.0,0,OFF
2025-07-04 20:57:26,70.0,31.5,0.0,0,OFF
2025-07-04 20:57:27,70.0,31.5,0.0,0,OFF
2025-07-04 20:57:27,70.0,31.0,0.0,0,OFF
2025-07-04 20:57:27,70.0,31.0,0.0,0,OFF
2025-07-04 20:57:28,70.0,31.0,0.0,0,OFF
2025-07-04 20:57:28,70.0,31.0,0.0,0,OFF
2025-07-04 20:57:28,70.0,31.0,0.0,0,OFF
2025-07-04 20:57:28,70.0,31.5,0.0,0,OFF
2025-07-04 20:57:29,70.0,31.5,0.0,0,OFF
2025-07-04 20:57:29,70.0,31.5,0.0,0,OFF
2025-07-04 20:57:29,70.0,31.5,0.0,0,OFF
2025-07-04 20:57:30,70.0,31.5,0.0,0,OFF
2025-07-04 20:57:30,70.0,31.5,0.0,0,OFF
2025-07-04 20:57:30,70.0,31.5,0.0,0,OFF
2025-07-04 20:57:30,70.0,31.0,0.0,0,OFF
2025-07-04 20:57:31,70.0,31.0,0.0,0,OFF
2025-07-04 20:57:31,70.0,31.0,0.0,0,OFF
2025-07-04 20:57:31,70.0,31.5,0.0,0,OFF
2025-07-04 20:57:31,70.0,31.5,0.0,0,OFF
2025-07-04 20:57:32,70.0,31.5,0.0,0,OFF
2025-07-04 20:57:32,70.0,31.5,0.0,0,OFF
2025-07-04 20:57:32,70.0,31.5,0.0,0,OFF
2025-07-04 20:57:32,70.0,31.5,0.0,0,OFF
2025-07-04 20:57:33,70.0,31.0,0.0,0,OFF
2025-07-04 20:57:33,70.0,31.0,0.0,0,OFF
2025-07-04 20:57:33,70.0,31.0,0.0,0,OFF
2025-07-04 20:57:34,70.0,31.5,0.0,0,OFF
2025-07-04 20:57:34,70.0,31.5,0.0,0,OFF
2025-07-04 20:57:34,71.0,31.5,0.0,0,OFF
2025-07-04 20:57:35,71.0,31.5,0.0,0,OFF
2025-07-04 20:57:35,71.0,31.5,0.0,0,OFF
2025-07-04 20:57:35,71.0,31.5,0.0,0,OFF
2025-07-04 20:57:35,70.0,31.5,0.0,0,OFF
2025-07-04 20:57:35,70.0,31.5,0.0,0,OFF
2025-07-04 20:57:36,70.0,31.5,0.0,0,OFF
2025-07-04 20:57:36,71.0,31.5,0.0,0,OFF
2025-07-04 20:57:36,71.0,31.5,0.0,0,OFF
2025-07-04 20:57:36,71.0,31.5,0.0,0,OFF
2025-07-04 20:57:37,71.0,31.0,0.0,0,OFF
2025-07-04 20:57:37,71.0,31.0,0.0,0,OFF
2025-07-04 20:57:37,71.0,31.0,0.0,0,OFF
2025-07-04 20:57:38,71.0,31.0,0.0,0,OFF
2025-07-04 20:57:38,71.0,31.0,0.0,0,OFF
2025-07-04 20:57:38,71.0,31.0,0.0,0,OFF
2025-07-04 20:57:39,71.0,31.0,0.0,0,OFF
2025-07-04 20:57:39,71.0,31.0,0.0,0,OFF
2025-07-04 20:57:39,71.0,31.0,0.0,0,OFF
2025-07-04 20:57:39,71.0,31.5,0.0,0,OFF
2025-07-04 20:57:40,71.0,31.5,0.0,0,OFF
2025-07-04 20:57:40,71.0,31.5,0.0,0,OFF
2025-07-04 20:57:40,70.0,31.0,0.0,0,OFF
2025-07-04 20:57:40,70.0,31.5,0.0,0,OFF
2025-07-04 20:57:41,70.0,31.5,0.0,0,OFF
2025-07-04 20:57:41,70.0,31.5,0.0,0,OFF
2025-07-04 20:57:41,70.0,31.5,0.0,0,OFF
2025-07-04 20:57:41,70.0,31.5,0.0,0,OFF
2025-07-04 20:57:42,71.0,31.0,0.0,0,OFF
2025-07-04 20:57:42,71.0,31.0,0.0,0,OFF
2025-07-04 20:57:42,71.0,31.5,0.0,0,OFF
2025-07-04 20:57:43,70.0,31.0,0.0,0,OFF
2025-07-04 20:57:43,70.0,31.0,0.0,0,OFF
2025-07-04 20:57:43,70.0,31.0,0.0,0,OFF
2025-07-04 20:57:43,70.0,31.0,0.0,0,OFF
2025-07-04 20:57:44,70.0,31.0,0.0,0,OFF
2025-07-04 20:57:44,70.0,31.0,0.0,0,OFF
2025-07-04 20:57:44,70.0,31.5,0.0,0,OFF
2025-07-04 20:57:44,71.0,31.0,0.0,0,OFF
2025-07-04 20:57:45,71.0,31.0,0.0,0,OFF
2025-07-04 20:57:45,70.0,31.5,0.0,0,OFF
2025-07-04 20:57:45,70.0,31.5,0.0,0,OFF
2025-07-04 20:57:46,70.0,31.5,0.0,0,OFF
2025-07-04 20:57:46,70.0,31.5,0.0,0,OFF
2025-07-04 20:57:46,70.0,31.5,0.0,0,OFF
2025-07-04 20:57:46,71.0,31.5,0.0,0,OFF
2025-07-04 20:57:47,71.0,31.5,0.0,0,OFF
2025-07-04 20:57:47,71.0,31.5,0.0,0,OFF
2025-07-04 20:57:47,71.0,31.5,0.0,0,OFF
2025-07-04 20:57:48,70.0,31.0,0.0,0,OFF
2025-07-04 20:57:48,70.0,31.5,0.0,0,OFF
2025-07-04 20:57:48,70.0,31.5,0.0,0,OFF
2025-07-04 20:57:49,70.0,31.5,0.0,0,OFF
2025-07-04 20:57:49,70.0,31.5,0.0,0,OFF
2025-07-04 20:57:49,70.0,31.5,0.0,0,OFF
2025-07-04 20:57:49,71.0,31.5,0.0,0,OFF
2025-07-04 20:57:50,71.0,31.5,0.0,0,OFF
2025-07-04 20:57:50,70.0,31.5,0.0,0,OFF
2025-07-04 20:57:50,70.0,32.0,0.0,0,OFF
2025-07-04 20:57:50,70.0,32.0,0.0,0,OFF
2025-07-04 20:57:51,70.0,32.0,0.0,0,OFF
2025-07-04 20:57:51,70.0,31.5,0.0,0,OFF
2025-07-04 20:57:51,70.0,31.5,0.0,0,OFF
2025-07-04 20:57:51,70.0,31.5,0.0,0,OFF
2025-07-04 20:57:52,70.0,31.0,0.0,0,OFF
2025-07-04 20:57:52,70.0,31.0,0.0,0,OFF
2025-07-04 20:57:52,70.0,31.0,0.0,0,OFF
2025-07-04 20:57:53,70.0,32.0,0.0,0,OFF
2025-07-04 20:57:53,70.0,32.0,0.0,0,OFF
2025-07-04 20:57:53,70.0,32.0,0.0,0,OFF
2025-07-04 20:57:54,70.0,31.5,0.0,0,OFF
2025-07-04 20:57:54,70.0,31.5,0.0,0,OFF
2025-07-04 20:57:54,70.0,31.0,0.0,0,OFF
2025-07-04 20:57:54,69.0,31.5,0.0,0,OFF
2025-07-04 20:57:54,69.0,31.5,0.0,0,OFF
2025-07-04 20:57:55,69.0,31.5,0.0,0,OFF
2025-07-04 20:57:55,69.0,31.5,0.0,0,OFF
2025-07-04 20:57:55,69.0,31.5,0.0,0,OFF
2025-07-04 20:57:56,70.0,31.5,0.0,0,OFF
2025-07-04 20:57:56,70.0,31.5,0.0,0,OFF
2025-07-04 20:57:56,69.0,31.5,0.0,0,OFF
2025-07-04 20:57:56,69.0,31.5,0.0,0,OFF
2025-07-04 20:57:57,70.0,31.0,0.0,0,OFF
2025-07-04 20:57:57,70.0,31.0,0.0,0,OFF
2025-07-04 20:57:57,70.0,31.0,0.0,0,OFF
2025-07-04 20:57:58,70.0,31.5,0.0,0,OFF
2025-07-04 20:57:58,70.0,31.5,0.0,0,OFF
2025-07-04 20:57:58,70.0,31.5,0.0,0,OFF
2025-07-04 20:57:59,70.0,31.0,0.0,0,OFF
2025-07-04 20:57:59,70.0,31.0,0.0,0,OFF
2025-07-04 20:57:59,70.0,31.0,0.0,0,OFF
2025-07-04 20:57:59,70.0,31.5,0.0,0,OFF
2025-07-04 20:58:00,70.0,31.5,0.0,0,OFF
2025-07-04 20:58:00,70.0,31.5,0.0,0,OFF
2025-07-04 20:58:00,69.0,31.5,0.0,0,OFF
2025-07-04 20:58:01,69.0,31.5,0.0,0,OFF
2025-07-04 20:58:01,69.0,31.5,0.0,0,OFF
2025-07-04 20:58:01,69.0,31.0,0.0,0,OFF
2025-07-04 20:58:02,69.0,31.0,0.0,0,OFF
2025-07-04 20:58:02,69.0,31.0,0.0,0,OFF
2025-07-04 20:58:02,69.0,31.5,0.0,0,OFF
2025-07-04 20:58:03,70.0,31.5,0.0,0,OFF
2025-07-04 20:58:03,70.0,31.5,0.0,0,OFF
2025-07-04 20:58:04,70.0,31.0,0.0,0,OFF
2025-07-04 20:58:04,70.0,31.5,0.0,0,OFF
2025-07-04 20:58:04,70.0,31.5,0.0,0,OFF
2025-07-04 20:58:05,70.0,31.5,0.0,0,OFF
2025-07-04 20:58:05,69.0,31.5,0.0,0,OFF
2025-07-04 20:58:05,69.0,31.5,0.0,0,OFF
2025-07-04 20:58:06,70.0,31.5,0.0,0,OFF
2025-07-04 20:58:06,70.0,31.5,0.0,0,OFF
2025-07-04 20:58:06,70.0,31.5,0.0,0,OFF
2025-07-04 20:58:07,70.0,31.5,0.0,0,OFF
2025-07-04 20:58:07,70.0,31.5,0.0,0,OFF
2025-07-04 20:58:07,70.0,31.5,0.0,0,OFF
2025-07-04 20:58:07,70.0,31.0,0.0,0,OFF
2025-07-04 20:58:08,70.0,31.0,0.0,0,OFF
2025-07-04 20:58:08,70.0,31.0,0.0,0,OFF
2025-07-04 20:58:08,70.0,31.0,0.0,0,OFF
2025-07-04 20:58:08,70.0,31.0,0.0,0,OFF
2025-07-04 20:58:09,70.0,31.0,0.0,0,OFF
2025-07-04 20:58:09,70.0,31.5,0.0,0,OFF
2025-07-04 20:58:09,70.0,31.5,0.0,0,OFF
2025-07-04 20:58:09,70.0,31.0,0.0,0,OFF
2025-07-04 20:58:10,70.0,31.0,0.0,0,OFF
2025-07-04 20:58:10,70.0,31.5,0.0,0,OFF
2025-07-04 20:58:10,70.0,31.5,0.0,0,OFF
2025-07-04 20:58:11,70.0,31.5,0.0,0,OFF
2025-07-04 20:58:11,70.0,31.5,0.0,0,OFF
2025-07-04 20:58:11,70.0,31.5,0.0,0,OFF
2025-07-04 20:58:12,70.0,31.5,0.0,0,OFF
2025-07-04 20:58:12,70.0,31.5,0.0,0,OFF
2025-07-04 20:58:12,70.0,31.5,0.0,0,OFF
2025-07-04 20:58:13,70.0,31.0,0.0,0,OFF
2025-07-04 20:58:13,70.0,31.0,0.0,0,OFF
2025-07-04 20:58:13,70.0,31.0,0.0,0,OFF
2025-07-04 20:58:13,71.0,31.0,0.0,0,OFF
2025-07-04 20:58:13,71.0,31.0,0.0,0,OFF
2025-07-04 20:58:14,71.0,31.5,0.0,0,OFF
2025-07-04 20:58:14,71.0,31.5,0.0,0,OFF
2025-07-04 20:58:14,71.0,31.0,0.0,0,OFF
2025-07-04 20:58:14,71.0,31.0,0.0,0,OFF
2025-07-04 20:58:15,71.0,31.5,0.0,0,OFF
2025-07-04 20:58:15,71.0,31.5,0.0,0,OFF
2025-07-04 20:58:15,72.0,31.5,0.0,0,OFF
2025-07-04 20:58:16,72.0,31.5,0.0,0,OFF
2025-07-04 20:58:16,70.0,31.5,0.0,0,OFF
2025-07-04 20:58:16,70.0,31.5,0.0,0,OFF
2025-07-04 20:58:17,71.0,31.0,0.0,0,OFF
2025-07-04 20:58:17,71.0,31.0,0.0,0,OFF
2025-07-04 20:58:17,71.0,31.0,0.0,0,OFF
2025-07-04 20:58:17,71.0,31.0,0.0,0,OFF
2025-07-04 20:58:18,71.0,31.0,0.0,0,OFF
2025-07-04 20:58:18,71.0,31.0,0.0,0,OFF
2025-07-04 20:58:18,72.0,31.5,0.0,0,OFF
2025-07-04 20:58:18,72.0,31.5,0.0,0,OFF
2025-07-04 20:58:19,72.0,31.5,0.0,0,OFF
2025-07-04 20:58:19,72.0,31.0,0.0,0,OFF
2025-07-04 20:58:19,72.0,31.0,0.0,0,OFF
2025-07-04 20:58:19,71.0,31.5,0.0,0,OFF
2025-07-04 20:58:20,71.0,31.5,0.0,0,OFF
2025-07-04 20:58:20,72.0,31.5,0.0,0,OFF
2025-07-04 20:58:20,72.0,31.5,0.0,0,OFF
2025-07-04 20:58:21,71.0,31.5,0.0,0,OFF
2025-07-04 20:58:21,71.0,31.5,0.0,0,OFF
2025-07-04 20:58:21,71.0,31.5,0.0,0,OFF
2025-07-04 20:58:21,72.0,31.5,0.0,0,OFF
2025-07-04 20:58:22,72.0,31.5,0.0,0,OFF
2025-07-04 20:58:22,71.0,31.5,0.0,0,OFF
2025-07-04 20:58:22,71.0,31.0,0.0,0,OFF
2025-07-04 20:58:22,71.0,31.0,0.0,0,OFF
2025-07-04 20:58:23,71.0,31.0,0.0,0,OFF
2025-07-04 20:58:23,71.0,31.5,0.0,0,OFF
2025-07-04 20:58:23,71.0,31.5,0.0,0,OFF
2025-07-04 20:58:23,71.0,31.0,0.0,0,OFF
2025-07-04 20:58:24,71.0,31.0,0.0,0,OFF
2025-07-04 20:58:24,71.0,31.5,0.0,0,OFF
2025-07-04 20:58:24,71.0,31.5,0.0,0,OFF
2025-07-04 20:58:25,71.0,31.5,0.0,0,OFF
2025-07-04 20:58:25,71.0,31.5,0.0,0,OFF
2025-07-04 20:58:25,71.0,31.5,0.0,0,OFF
2025-07-04 20:58:26,71.0,31.5,0.0,0,OFF
2025-07-04 20:58:26,71.0,31.5,0.0,0,OFF
2025-07-04 20:58:26,71.0,31.5,0.0,0,OFF
2025-07-04 20:58:26,71.0,31.5,0.0,0,OFF
2025-07-04 20:58:27,71.0,31.5,0.0,0,OFF
2025-07-04 20:58:27,71.0,31.5,0.0,0,OFF
2025-07-04 20:58:27,71.0,31.5,0.0,0,OFF
2025-07-04 20:58:27,71.0,31.5,0.0,0,OFF
2025-07-04 20:58:28,71.0,31.5,0.0,0,OFF
2025-07-04 20:58:28,71.0,31.5,0.0,0,OFF
2025-07-04 20:58:28,71.0,31.5,0.0,0,OFF
2025-07-04 20:58:28,71.0,31.5,0.0,0,OFF
2025-07-04 20:58:29,71.0,31.5,0.0,0,OFF
2025-07-04 20:58:29,71.0,31.5,0.0,0,OFF
2025-07-04 20:58:29,71.0,31.5,0.0,0,OFF
2025-07-04 20:58:30,71.0,31.0,0.0,0,OFF
2025-07-04 20:58:30,71.0,31.5,0.0,0,OFF
2025-07-04 20:58:30,71.0,31.5,0.0,0,OFF
2025-07-04 20:58:31,71.0,31.5,0.0,0,OFF
2025-07-04 20:58:31,71.0,31.5,0.0,0,OFF
2025-07-04 20:58:31,71.0,31.5,0.0,0,OFF
2025-07-04 20:58:31,71.0,31.5,0.0,0,OFF
2025-07-04 20:58:31,71.0,31.5,0.0,0,OFF
2025-07-04 20:58:32,71.0,31.5,0.0,0,OFF
2025-07-04 20:58:32,71.0,31.5,0.0,0,OFF
2025-07-04 20:58:32,71.0,31.5,0.0,0,OFF
2025-07-04 20:58:33,71.0,31.5,0.0,0,OFF
2025-07-04 20:58:33,71.0,31.5,0.0,0,OFF
2025-07-04 20:58:33,71.0,31.5,0.0,0,OFF
2025-07-04 20:58:33,71.0,31.0,0.0,0,OFF
2025-07-04 20:58:34,71.0,31.0,0.0,0,OFF
2025-07-04 20:58:34,71.0,31.0,0.0,0,OFF
2025-07-04 20:58:34,71.0,31.0,0.0,0,OFF
2025-07-04 20:58:35,71.0,31.0,0.0,0,OFF
2025-07-04 20:58:35,71.0,31.0,0.0,0,OFF
2025-07-04 20:58:35,71.0,31.0,0.0,0,OFF
2025-07-04 20:58:35,71.0,31.5,0.0,0,OFF
2025-07-04 20:58:36,71.0,31.5,0.0,0,OFF
2025-07-04 20:58:36,70.0,32.0,0.0,0,OFF
2025-07-04 20:58:36,71.0,31.5,0.0,0,OFF
2025-07-04 20:58:36,71.0,31.5,0.0,0,OFF
2025-07-04 20:58:37,71.0,31.5,0.0,0,OFF
2025-07-04 20:58:37,70.0,31.0,0.0,0,OFF
2025-07-04 20:58:37,70.0,31.0,0.0,0,OFF
2025-07-04 20:58:37,71.0,31.0,0.0,0,OFF
2025-07-04 20:58:38,71.0,31.0,0.0,1,OFF
2025-07-04 20:58:38,71.0,31.0,0.0,1,OFF
2025-07-04 20:58:38,71.0,31.0,0.0,1,OFF
2025-07-04 20:58:39,71.0,31.5,0.0,0,OFF
2025-07-04 20:58:39,71.0,31.5,0.0,0,OFF
2025-07-04 20:58:39,71.0,31.5,0.0,0,OFF
2025-07-04 20:58:40,71.0,31.5,0.0,0,OFF
2025-07-04 20:58:40,71.0,31.5,0.0,0,OFF
2025-07-04 20:58:40,71.0,31.0,0.0,0,OFF
2025-07-04 20:58:40,71.0,31.0,0.0,0,OFF
2025-07-04 20:58:41,71.0,31.0,0.0,0,OFF
2025-07-04 20:58:41,71.0,31.0,0.0,0,OFF
2025-07-04 20:58:42,71.0,31.5,0.0,0,OFF
2025-07-04 20:58:42,71.0,31.5,0.0,0,OFF
2025-07-04 20:58:42,71.0,31.5,0.0,0,OFF
2025-07-04 20:58:43,72.0,31.5,0.0,0,OFF
2025-07-04 20:58:43,72.0,31.5,0.0,0,OFF
2025-07-04 20:58:43,72.0,31.5,0.0,0,OFF
2025-07-04 20:58:44,72.0,31.5,0.0,0,OFF
2025-07-04 20:58:44,72.0,31.5,0.0,0,OFF
2025-07-04 20:58:44,72.0,31.5,0.0,0,OFF
2025-07-04 20:58:45,72.0,31.5,0.0,0,OFF
2025-07-04 20:58:45,72.0,31.5,0.0,0,OFF
2025-07-04 20:58:45,72.0,31.5,0.0,0,OFF
2025-07-04 20:58:46,72.0,31.5,0.0,0,OFF
2025-07-04 20:58:46,72.0,31.5,0.0,0,OFF
2025-07-04 20:58:46,72.0,31.5,0.0,0,OFF
2025-07-04 20:58:47,72.0,31.0,0.0,0,OFF
2025-07-04 20:58:47,72.0,31.0,0.0,0,OFF
2025-07-04 20:58:47,72.0,31.0,0.0,0,OFF
2025-07-04 20:58:48,72.0,31.5,0.0,0,OFF
2025-07-04 20:58:48,72.0,31.5,0.0,0,OFF
2025-07-04 20:58:48,72.0,31.0,0.0,0,OFF
2025-07-04 20:58:49,71.0,31.5,0.0,0,OFF
2025-07-04 20:58:49,71.0,31.5,0.0,0,OFF
2025-07-04 20:58:49,71.0,31.5,0.0,0,OFF
2025-07-04 20:58:49,72.0,31.5,0.0,0,OFF
2025-07-04 20:58:50,72.0,31.0,0.0,0,OFF
2025-07-04 21:29:28,-20.0,31.0,0.0,0,OFF
2025-07-04 21:29:28,-20.0,31.0,0.0,0,OFF
2025-07-04 21:29:33,-19.0,31.0,0.0,0,OFF
2025-07-04 21:29:33,-19.0,31.0,0.0,0,OFF
2025-07-04 21:29:33,-19.0,31.0,0.0,0,OFF
2025-07-04 21:29:34,-20.0,31.5,0.0,0,OFF
2025-07-04 21:29:34,-20.0,31.5,0.0,0,OFF
2025-07-04 21:29:34,-19.0,31.0,0.0,0,OFF
2025-07-04 21:29:34,-19.0,31.0,0.0,0,OFF
2025-07-04 21:29:35,-20.0,31.0,0.0,0,OFF
2025-07-04 21:29:35,-20.0,31.0,0.0,0,OFF
2025-07-04 21:29:35,-20.0,31.0,0.0,0,OFF
2025-07-04 21:29:35,-20.0,31.0,0.0,0,OFF
2025-07-04 21:29:36,-20.0,31.5,0.0,0,OFF
2025-07-04 21:29:36,-20.0,31.5,0.0,0,OFF
2025-07-04 21:29:36,-20.0,31.5,0.0,0,OFF
2025-07-04 21:29:36,-20.0,31.5,0.0,0,OFF
2025-07-04 21:29:37,-20.0,31.5,0.0,0,OFF
2025-07-04 21:29:37,-20.0,31.5,0.0,0,OFF
2025-07-04 21:29:37,-20.0,31.5,0.0,0,OFF
2025-07-04 21:29:38,-20.0,31.0,0.0,0,OFF
2025-07-04 21:29:38,-20.0,31.0,0.0,0,OFF
2025-07-04 21:29:38,-20.0,31.0,0.0,0,OFF
2025-07-04 21:29:39,-20.0,31.0,0.0,0,OFF
2025-07-04 21:29:39,-20.0,31.0,0.0,0,OFF
2025-07-04 21:29:39,-20.0,31.0,0.0,0,OFF
2025-07-04 21:29:40,-19.0,31.0,0.0,0,OFF
2025-07-04 21:29:40,-19.0,31.0,0.0,0,OFF
2025-07-04 21:29:41,-19.0,31.0,0.0,0,OFF
2025-07-04 21:29:41,-19.0,31.5,0.0,0,OFF
2025-07-04 21:29:41,-19.0,31.5,0.0,0,OFF
2025-07-04 21:29:41,-18.0,31.0,0.0,0,OFF
2025-07-04 21:29:42,-18.0,31.0,0.0,0,OFF
2025-07-04 21:29:42,-19.0,31.0,0.0,0,OFF
2025-07-04 21:29:42,-19.0,31.0,0.0,0,OFF
2025-07-04 21:29:43,-19.0,31.0,0.0,0,OFF
2025-07-04 21:29:43,-19.0,31.0,0.0,0,OFF
2025-07-04 21:29:43,-19.0,31.5,0.0,0,OFF
2025-07-04 21:29:44,-19.0,31.5,0.0,0,OFF
2025-07-04 21:29:44,-19.0,31.0,0.0,0,OFF
2025-07-04 21:29:44,-19.0,31.0,0.0,0,OFF
2025-07-04 21:29:44,-19.0,31.5,0.0,0,OFF
2025-07-04 21:29:45,-19.0,31.5,0.0,0,OFF
2025-07-04 21:29:45,-19.0,31.5,0.0,0,OFF
2025-07-04 21:29:45,-18.0,31.0,0.0,0,OFF
2025-07-04 21:29:45,-18.0,31.0,0.0,0,OFF
2025-07-04 21:29:46,-19.0,31.5,0.0,0,OFF
2025-07-04 21:29:46,-20.0,31.0,0.0,0,OFF
2025-07-04 21:29:46,-20.0,31.0,0.0,0,OFF
2025-07-04 21:29:46,-20.0,31.0,0.0,0,OFF
2025-07-04 21:29:47,-20.0,31.5,0.0,0,OFF
2025-07-04 21:29:47,-20.0,31.0,0.0,0,OFF
2025-07-04 21:29:47,-20.0,31.0,0.0,0,OFF
2025-07-04 21:29:48,-20.0,31.5,0.0,0,OFF
2025-07-04 21:29:48,-20.0,31.5,0.0,0,OFF
2025-07-04 21:29:48,-21.0,31.0,0.0,0,OFF
2025-07-04 21:29:49,-21.0,31.0,0.0,0,OFF
2025-07-04 21:29:49,-21.0,31.0,0.0,0,OFF
2025-07-04 21:29:49,-21.0,31.0,0.0,0,OFF
2025-07-04 21:29:50,-20.0,31.5,0.0,0,OFF
2025-07-04 21:29:50,-20.0,31.5,0.0,0,OFF
2025-07-04 21:29:50,-21.0,31.0,0.0,0,OFF
2025-07-04 21:29:51,-21.0,31.5,0.0,0,OFF
2025-07-04 21:29:51,-21.0,31.5,0.0,0,OFF
2025-07-04 21:29:51,-21.0,31.0,0.0,0,OFF
2025-07-04 21:29:52,-21.0,31.5,0.0,0,OFF
2025-07-04 21:29:52,-21.0,31.5,0.0,0,OFF
2025-07-04 21:29:52,-21.0,31.5,0.0,0,OFF
2025-07-04 21:29:53,-21.0,31.0,0.0,0,OFF
2025-07-04 21:29:53,-21.0,31.0,0.0,0,OFF
2025-07-04 21:29:53,-21.0,31.0,0.0,0,OFF
2025-07-04 21:29:54,-21.0,31.0,0.0,0,OFF
2025-07-04 21:29:54,-21.0,31.0,0.0,0,OFF
2025-07-04 21:29:54,-23.0,31.0,0.0,0,OFF
2025-07-04 21:29:55,-23.0,31.5,0.0,0,OFF
2025-07-04 21:29:55,-23.0,31.5,0.0,0,OFF
2025-07-04 21:29:55,-23.0,31.0,0.0,0,OFF
2025-07-04 21:29:56,-23.0,31.0,0.0,0,OFF
2025-07-04 21:29:56,-23.0,31.0,0.0,0,OFF
2025-07-04 21:29:57,-23.0,31.0,0.0,0,OFF
2025-07-04 21:29:57,-23.0,31.5,0.0,0,OFF
2025-07-04 21:29:57,-23.0,31.5,0.0,0,OFF
2025-07-04 21:29:58,-23.0,31.5,0.0,0,OFF
2025-07-04 21:29:58,-22.0,31.0,0.0,0,OFF
2025-07-04 21:29:58,-22.0,31.0,0.0,0,OFF
2025-07-04 21:29:59,-22.0,31.0,0.0,0,OFF
2025-07-04 21:29:59,-23.0,31.5,0.0,0,OFF
2025-07-04 21:30:00,-23.0,31.5,0.0,0,OFF
2025-07-04 21:30:00,-23.0,31.5,0.0,0,OFF
2025-07-04 21:30:01,-22.0,31.5,0.0,0,OFF
2025-07-04 21:30:01,-22.0,31.5,0.0,0,OFF
2025-07-04 21:30:01,-22.0,31.5,0.0,0,OFF
2025-07-04 21:30:02,-23.0,31.5,0.0,0,OFF
2025-07-04 21:30:02,-23.0,31.5,0.0,0,OFF
2025-07-04 21:30:02,-23.0,31.0,0.0,0,OFF
2025-07-04 21:30:03,-23.0,31.5,0.0,0,OFF
2025-07-04 21:30:03,-23.0,31.5,0.0,0,OFF
2025-07-04 21:30:03,-23.0,31.5,0.0,0,OFF
2025-07-04 21:30:04,-23.0,31.5,0.0,0,OFF
2025-07-04 21:30:04,-23.0,31.5,0.0,0,OFF
2025-07-04 21:30:04,-23.0,31.5,0.0,0,OFF
2025-07-04 21:30:05,-23.0,31.0,0.0,0,OFF
2025-07-04 21:30:05,-23.0,31.0,0.0,0,OFF
2025-07-04 21:30:05,-23.0,31.0,0.0,0,OFF
2025-07-04 21:30:06,-23.0,31.5,0.0,0,OFF
2025-07-04 21:30:06,-23.0,31.5,0.0,0,OFF
2025-07-04 21:30:06,-23.0,31.5,0.0,0,OFF
2025-07-04 21:30:07,-24.0,31.0,0.0,0,OFF
2025-07-04 21:30:07,-24.0,31.0,0.0,0,OFF
2025-07-04 21:30:07,-23.0,31.5,0.0,0,OFF
2025-07-04 21:30:08,-23.0,31.0,0.0,0,OFF
2025-07-04 21:30:08,-23.0,31.0,0.0,0,OFF
2025-07-04 21:30:08,-23.0,31.0,0.0,0,OFF
2025-07-04 21:30:09,-23.0,31.0,0.0,0,OFF
2025-07-04 21:30:09,-22.0,31.5,0.0,0,OFF
2025-07-04 21:30:09,-22.0,31.5,0.0,0,OFF
2025-07-04 21:30:10,-22.0,31.5,0.0,0,OFF
2025-07-04 21:30:10,-23.0,31.0,0.0,0,OFF
2025-07-04 21:30:10,-23.0,31.0,0.0,0,OFF
2025-07-04 21:30:11,-21.0,31.0,0.0,0,OFF
2025-07-04 21:30:11,-21.0,31.0,0.0,0,OFF
2025-07-04 21:30:11,-22.0,31.0,0.0,0,OFF
2025-07-04 21:30:12,-22.0,31.0,0.0,0,OFF
2025-07-04 21:30:12,-22.0,31.0,0.0,0,OFF
2025-07-04 21:30:12,-22.0,31.0,0.0,0,OFF
2025-07-04 21:30:13,-21.0,31.0,0.0,0,OFF
2025-07-04 21:30:13,-21.0,31.0,0.0,0,OFF
2025-07-04 21:30:13,-21.0,31.0,0.0,0,OFF
2025-07-04 21:30:14,-23.0,31.0,0.0,0,OFF
2025-07-04 21:30:14,-22.0,31.5,0.0,0,OFF
2025-07-04 21:30:14,-22.0,31.5,0.0,0,OFF
2025-07-04 21:30:15,-23.0,31.5,0.0,0,OFF
2025-07-04 21:30:15,-23.0,31.5,0.0,0,OFF
2025-07-04 21:30:15,-23.0,31.5,0.0,0,OFF
2025-07-04 21:30:16,-23.0,31.0,0.0,1,OFF
2025-07-04 21:30:16,-23.0,31.0,0.0,1,OFF
2025-07-04 21:30:16,-23.0,31.0,0.0,1,OFF
2025-07-04 21:30:17,-22.0,31.0,0.0,0,OFF
2025-07-04 21:30:17,-22.0,31.0,0.0,0,OFF
2025-07-04 21:30:17,-22.0,31.0,0.0,0,OFF
2025-07-04 21:30:18,-22.0,31.0,0.0,0,OFF
2025-07-04 21:30:18,-22.0,31.5,0.0,0,OFF
2025-07-04 21:30:18,-22.0,31.5,0.0,0,OFF
2025-07-04 21:30:19,-23.0,31.5,0.0,0,OFF
2025-07-04 21:30:19,-23.0,31.5,0.0,0,OFF
2025-07-04 21:30:19,-22.0,31.5,0.0,0,OFF
2025-07-04 21:30:20,-22.0,31.5,0.0,0,OFF
2025-07-04 21:30:20,-22.0,31.5,0.0,0,OFF
2025-07-04 21:30:20,-22.0,31.5,0.0,0,OFF
2025-07-04 21:30:21,-23.0,31.5,0.0,0,OFF
2025-07-04 21:30:21,-23.0,31.5,0.0,0,OFF
2025-07-04 21:30:21,-23.0,31.5,0.0,0,OFF
2025-07-04 21:30:22,-23.0,31.0,0.0,0,OFF
2025-07-04 21:30:22,-23.0,31.0,0.0,0,OFF
2025-07-04 21:30:22,-23.0,31.0,0.0,0,OFF
2025-07-04 21:30:23,-23.0,31.5,0.0,0,OFF
2025-07-04 21:30:23,-23.0,31.5,0.0,0,OFF
2025-07-04 21:30:23,-23.0,31.5,0.0,0,OFF
2025-07-04 21:30:24,-21.0,31.0,0.0,0,OFF
2025-07-04 21:30:24,-21.0,31.0,0.0,0,OFF
2025-07-04 21:30:24,-21.0,31.0,0.0,0,OFF
2025-07-04 21:30:25,-22.0,31.0,0.0,0,OFF
2025-07-04 21:30:25,-22.0,31.0,0.0,0,OFF
2025-07-04 21:30:25,-22.0,31.0,0.0,0,OFF
2025-07-04 21:30:26,-22.0,31.0,0.0,0,OFF
2025-07-04 21:30:26,-22.0,31.0,0.0,0,OFF
2025-07-04 21:30:27,-23.0,31.0,0.0,0,OFF
2025-07-04 21:30:27,-23.0,31.0,0.0,0,OFF
2025-07-04 21:30:27,-23.0,31.0,0.0,0,OFF
2025-07-04 21:30:27,-24.0,31.0,0.0,0,OFF
2025-07-04 21:30:28,-24.0,31.5,0.0,0,OFF
2025-07-04 21:30:28,-24.0,31.5,0.0,0,OFF
2025-07-04 21:30:28,-24.0,31.5,0.0,0,OFF
2025-07-04 21:30:29,-25.0,31.5,0.0,0,OFF
2025-07-04 21:30:29,-25.0,31.5,0.0,0,OFF
2025-07-04 21:30:29,-25.0,31.5,0.0,0,OFF
2025-07-04 21:30:30,-25.0,31.0,0.0,0,OFF
2025-07-04 21:30:30,-25.0,31.0,0.0,0,OFF
2025-07-04 21:30:30,-25.0,31.0,0.0,0,OFF
2025-07-04 21:30:31,-25.0,31.5,0.0,0,OFF
2025-07-04 21:30:31,-25.0,31.5,0.0,0,OFF
2025-07-04 21:30:32,-24.0,31.0,0.0,0,OFF
2025-07-04 21:30:32,-24.0,31.0,0.0,0,OFF
2025-07-04 21:30:32,-24.0,31.0,0.0,0,OFF
2025-07-04 21:30:33,-25.0,31.0,0.0,0,OFF
2025-07-04 21:30:33,-25.0,31.5,0.0,0,OFF
2025-07-04 21:30:33,-25.0,31.5,0.0,0,OFF
2025-07-04 21:30:34,-25.0,31.5,0.0,0,OFF
2025-07-04 21:30:34,-24.0,31.0,0.0,0,OFF
2025-07-04 21:30:34,-24.0,31.0,0.0,0,OFF
2025-07-04 21:30:35,-24.0,31.0,0.0,0,OFF
2025-07-04 21:30:35,-23.0,31.0,0.0,0,OFF
2025-07-04 21:30:35,-23.0,31.0,0.0,0,OFF
2025-07-04 21:30:36,-23.0,31.5,0.0,0,OFF
2025-07-04 21:30:36,-23.0,31.0,0.0,0,OFF
2025-07-04 21:30:36,-23.0,31.0,0.0,0,OFF
2025-07-04 21:30:37,-23.0,31.0,0.0,0,OFF
2025-07-04 21:30:37,-23.0,31.0,0.0,1,OFF
2025-07-04 21:30:37,-23.0,31.0,0.0,1,OFF
2025-07-04 21:30:38,-23.0,31.0,0.0,1,OFF
2025-07-04 21:30:38,-23.0,31.0,0.0,0,OFF
2025-07-04 21:30:38,-24.0,31.0,0.0,0,OFF
2025-07-04 21:30:39,-24.0,31.0,0.0,0,OFF
2025-07-04 21:30:39,-24.0,31.5,0.0,0,OFF
2025-07-04 21:30:39,-24.0,31.5,0.0,0,OFF
2025-07-04 21:30:40,-24.0,31.0,0.0,0,OFF
2025-07-04 21:30:40,-24.0,31.5,0.0,0,OFF
2025-07-04 21:30:40,-24.0,31.5,0.0,0,OFF
2025-07-04 21:30:41,-24.0,31.5,0.0,0,OFF
2025-07-04 21:30:41,-24.0,31.0,0.0,0,OFF
2025-07-04 21:30:41,-24.0,31.0,0.0,0,OFF
2025-07-04 21:30:42,-24.0,31.0,0.0,0,OFF
2025-07-04 21:30:42,-24.0,31.0,0.0,0,OFF
2025-07-04 21:30:43,-23.0,31.0,0.0,0,OFF
2025-07-04 21:30:43,-23.0,31.0,0.0,0,OFF
2025-07-04 21:30:43,-23.0,31.0,0.0,0,OFF
2025-07-04 21:30:44,-23.0,31.0,0.0,0,OFF
2025-07-04 21:30:44,-23.0,31.5,0.0,0,OFF
2025-07-04 21:30:45,-24.0,31.5,0.0,0,OFF
2025-07-04 21:30:45,-23.0,31.5,0.0,0,OFF
2025-07-04 21:30:45,-23.0,31.5,0.0,0,OFF
2025-07-04 21:30:46,-24.0,31.0,0.0,0,OFF
2025-07-04 21:30:46,-24.0,31.0,0.0,0,OFF
2025-07-04 21:30:46,-24.0,31.0,0.0,0,OFF
2025-07-04 21:30:46,-24.0,31.5,0.0,0,OFF
2025-07-04 21:30:46,-24.0,31.5,0.0,0,OFF
2025-07-04 21:30:47,-23.0,31.5,0.0,0,OFF
2025-07-04 21:30:47,-23.0,31.5,0.0,0,OFF
2025-07-04 21:30:47,-24.0,31.5,0.0,0,OFF
2025-07-04 21:31:12,-23.0,31.5,0.0,0,OFF
2025-07-04 21:31:12,-23.0,31.5,0.0,0,OFF
2025-07-04 21:31:18,-25.0,31.0,0.0,0,OFF
2025-07-04 21:31:18,-25.0,31.0,0.0,0,OFF
2025-07-04 21:31:18,-25.0,31.0,0.0,0,OFF
2025-07-04 21:31:19,-25.0,31.5,0.0,0,OFF
2025-07-04 21:31:19,-25.0,31.5,0.0,0,OFF
2025-07-04 21:31:19,-25.0,31.5,0.0,0,OFF
2025-07-04 21:31:20,-25.0,31.0,0.0,0,OFF
2025-07-04 21:31:20,-25.0,31.0,0.0,0,OFF
2025-07-04 21:31:20,-25.0,31.0,0.0,0,OFF
2025-07-04 21:31:21,-25.0,31.5,0.0,0,OFF
2025-07-04 21:31:21,-25.0,31.5,0.0,0,OFF
2025-07-04 21:31:21,-25.0,31.0,0.0,0,OFF
2025-07-04 21:31:21,-25.0,31.0,0.0,0,OFF
2025-07-04 21:31:22,-25.0,31.5,0.0,0,OFF
2025-07-04 21:31:22,-25.0,31.5,0.0,0,OFF
2025-07-04 21:31:22,-25.0,31.5,0.0,0,OFF
2025-07-04 21:31:22,-25.0,31.5,0.0,0,OFF
2025-07-04 21:31:23,-25.0,31.5,0.0,0,OFF
2025-07-04 21:31:23,-25.0,31.5,0.0,0,OFF
2025-07-04 21:31:23,-25.0,31.5,0.0,0,OFF
2025-07-04 21:31:24,-25.0,31.5,0.0,0,OFF
2025-07-04 21:31:24,-25.0,31.0,0.0,0,OFF
2025-07-04 21:31:25,-25.0,31.0,0.0,0,OFF
2025-07-04 21:31:25,-25.0,31.0,0.0,0,OFF
2025-07-04 21:31:26,-26.0,31.5,0.0,0,OFF
2025-07-04 21:31:26,-26.0,31.5,0.0,0,OFF
2025-07-04 21:31:26,-26.0,31.5,0.0,0,OFF
2025-07-04 21:31:26,-26.0,31.5,0.0,0,OFF
2025-07-04 21:31:27,-25.0,31.0,0.0,0,OFF
2025-07-04 21:31:27,-25.0,31.0,0.0,0,OFF
2025-07-04 21:31:28,-24.0,31.0,0.0,0,OFF
2025-07-04 21:31:28,-24.0,31.0,0.0,0,OFF
2025-07-04 21:31:28,-25.0,31.5,0.0,0,OFF
2025-07-04 21:31:29,-25.0,31.0,0.0,0,OFF
2025-07-04 21:31:29,-25.0,31.0,0.0,0,OFF
2025-07-04 21:31:29,-25.0,31.0,0.0,0,OFF
2025-07-04 21:31:30,-25.0,31.5,0.0,0,OFF
2025-07-04 21:31:30,-25.0,31.5,0.0,0,OFF
2025-07-04 21:31:30,-25.0,31.5,0.0,0,OFF
2025-07-04 21:31:31,-25.0,31.5,0.0,0,OFF
2025-07-04 21:31:31,-25.0,31.5,0.0,0,OFF
2025-07-04 21:31:31,-25.0,31.5,0.0,0,OFF
2025-07-04 21:31:32,-25.0,32.0,0.0,0,OFF
2025-07-04 21:31:32,-25.0,32.0,0.0,0,OFF
2025-07-04 21:31:32,-25.0,32.0,0.0,0,OFF
2025-07-04 21:31:33,-26.0,31.5,0.0,0,OFF
2025-07-04 21:31:33,-26.0,31.5,0.0,0,OFF
2025-07-04 21:31:33,-25.0,31.5,0.0,0,OFF
2025-07-04 21:31:34,-25.0,32.0,0.0,0,OFF
2025-07-04 21:31:34,-25.0,32.0,0.0,0,OFF
2025-07-04 21:31:34,-26.0,31.5,0.0,0,OFF
2025-07-04 21:31:35,-25.0,31.5,0.0,0,OFF
2025-07-04 21:31:35,-25.0,31.5,0.0,0,OFF
2025-07-04 21:31:35,-25.0,31.5,0.0,0,OFF
2025-07-04 21:31:36,-25.0,31.0,0.0,0,OFF
2025-07-04 21:31:36,-25.0,31.0,0.0,0,OFF
2025-07-04 21:31:36,-25.0,31.0,0.0,0,OFF
2025-07-04 21:31:37,-25.0,31.0,0.0,0,OFF
2025-07-04 21:31:37,-25.0,31.0,0.0,0,OFF
2025-07-04 21:31:37,-25.0,31.0,0.0,0,OFF
2025-07-04 21:31:38,-24.0,31.0,0.0,0,OFF
2025-07-04 21:31:38,-25.0,31.0,0.0,0,OFF
2025-07-04 21:31:38,-25.0,31.0,0.0,0,OFF
2025-07-04 21:31:39,-25.0,31.5,0.0,0,OFF
2025-07-04 21:31:39,-25.0,31.5,0.0,0,OFF
2025-07-04 21:31:40,-25.0,31.5,0.0,0,OFF
2025-07-04 21:31:40,-25.0,31.5,0.0,0,OFF
2025-07-04 21:31:40,-25.0,31.5,0.0,0,OFF
2025-07-04 21:31:41,-25.0,31.5,0.0,0,OFF
2025-07-04 21:31:41,-25.0,31.0,0.0,0,OFF
2025-07-04 21:31:41,-25.0,31.0,0.0,0,OFF
2025-07-04 21:31:42,-25.0,31.0,0.0,0,OFF
2025-07-04 21:31:42,-25.0,31.5,0.0,0,OFF
2025-07-04 21:31:42,-25.0,31.5,0.0,0,OFF
2025-07-04 21:31:43,-25.0,31.0,0.0,0,OFF
2025-07-04 21:31:43,-25.0,31.0,0.0,0,OFF
2025-07-04 21:31:43,-25.0,31.0,0.0,0,OFF
2025-07-04 21:31:44,-25.0,31.5,0.0,0,OFF
2025-07-04 21:31:44,-25.0,31.0,0.0,0,OFF
2025-07-04 21:31:44,-25.0,31.0,0.0,0,OFF
2025-07-04 21:31:45,-25.0,31.0,0.0,0,OFF
2025-07-04 21:31:45,-24.0,31.5,0.0,0,OFF
2025-07-04 21:31:46,-24.0,31.5,0.0,0,OFF
2025-07-04 21:31:46,-24.0,31.5,0.0,0,OFF
2025-07-04 21:31:47,-24.0,31.0,0.0,0,OFF
2025-07-04 21:31:47,-24.0,31.0,0.0,0,OFF
2025-07-04 21:31:47,-24.0,31.0,0.0,0,OFF
2025-07-04 21:31:48,-25.0,31.5,0.0,0,OFF
2025-07-04 21:31:48,-24.0,31.5,0.0,0,OFF
2025-07-04 21:31:48,-24.0,31.5,0.0,0,OFF
2025-07-04 21:31:49,-24.0,31.0,0.0,0,OFF
2025-07-04 21:31:49,-24.0,31.0,0.0,0,OFF
2025-07-04 21:31:49,-25.0,31.0,0.0,0,OFF
2025-07-04 21:31:50,-26.0,31.5,0.0,0,OFF
2025-07-04 21:31:50,-26.0,31.5,0.0,0,OFF
2025-07-04 21:31:50,-26.0,31.5,0.0,0,OFF
2025-07-04 21:31:50,-26.0,31.0,0.0,0,OFF
2025-07-04 21:31:51,-25.0,31.0,0.0,0,OFF
2025-07-04 21:31:51,-25.0,31.0,0.0,0,OFF
2025-07-04 21:31:51,-25.0,31.0,0.0,0,OFF
2025-07-04 21:31:52,-25.0,31.0,0.0,0,OFF
2025-07-04 21:31:52,-25.0,31.0,0.0,0,OFF
2025-07-04 21:33:51,-28.0,31.0,0.0,0,OFF
2025-07-04 21:33:51,-28.0,31.0,0.0,0,OFF
2025-07-04 21:33:56,-28.0,31.5,0.0,0,OFF
2025-07-04 21:33:56,-28.0,31.5,0.0,0,OFF
2025-07-04 21:33:56,-29.0,31.0,0.0,0,OFF
2025-07-04 21:33:57,-28.0,31.0,0.0,1,OFF
2025-07-04 21:33:57,-28.0,31.0,0.0,1,OFF
2025-07-04 21:33:57,-29.0,31.0,0.0,1,OFF
2025-07-04 21:33:58,-28.0,31.0,0.0,1,OFF
2025-07-04 21:33:58,-28.0,31.0,0.0,1,OFF
2025-07-04 21:33:58,-28.0,31.0,0.0,1,OFF
2025-07-04 21:33:58,-28.0,31.0,0.0,0,OFF
2025-07-04 21:33:59,-28.0,31.5,0.0,0,OFF
2025-07-04 21:33:59,-28.0,31.5,0.0,0,OFF
2025-07-04 21:33:59,-28.0,31.5,0.0,0,OFF
2025-07-04 21:33:59,-28.0,31.5,0.0,0,OFF
2025-07-04 21:34:00,-28.0,31.5,0.0,0,OFF
2025-07-04 21:34:00,-28.0,31.5,0.0,0,OFF
2025-07-04 21:34:00,-28.0,31.5,0.0,0,OFF
2025-07-04 21:34:00,-28.0,31.5,0.0,0,OFF
2025-07-04 21:34:01,-28.0,31.0,0.0,0,OFF
2025-07-04 21:34:01,-28.0,31.0,0.0,0,OFF
2025-07-04 21:34:01,-28.0,31.5,0.0,0,OFF
2025-07-04 21:34:02,-28.0,31.0,0.0,0,OFF
2025-07-04 21:34:02,-28.0,31.0,0.0,0,OFF
2025-07-04 21:34:02,-28.0,31.0,0.0,0,OFF
2025-07-04 21:34:03,-28.0,31.0,0.0,0,OFF
2025-07-04 21:34:03,-28.0,31.0,0.0,0,OFF
2025-07-04 21:34:03,-28.0,31.0,0.0,0,OFF
2025-07-04 21:34:04,-28.0,31.5,0.0,0,OFF
2025-07-04 21:34:04,-28.0,31.5,0.0,0,OFF
2025-07-04 21:34:04,-28.0,31.5,0.0,0,OFF
2025-07-04 21:34:04,-28.0,31.5,0.0,0,OFF
2025-07-04 21:34:05,-28.0,31.0,150.0,1,ON
2025-07-04 21:34:05,-28.0,31.5,150.0,0,ON
2025-07-04 21:34:05,-28.0,31.5,0.0,0,OFF
2025-07-04 21:34:06,-29.0,31.0,150.0,1,ON
2025-07-04 21:34:06,-29.0,31.0,150.0,1,ON
2025-07-04 21:34:07,-28.0,31.0,150.0,0,ON
2025-07-04 21:34:07,-29.0,31.0,150.0,0,ON
2025-07-04 21:34:08,-29.0,31.0,150.0,0,ON
2025-07-04 21:34:08,-29.0,31.0,150.0,0,ON
2025-07-04 21:34:09,-29.0,31.5,150.0,0,ON
2025-07-04 21:34:09,-29.0,31.5,150.0,0,ON
2025-07-04 21:34:09,-29.0,31.5,150.0,0,ON
2025-07-04 21:34:10,-29.0,31.5,150.0,0,ON
2025-07-04 21:34:10,-29.0,31.5,150.0,0,ON
2025-07-04 21:34:11,-29.0,31.0,150.0,0,ON
2025-07-04 21:34:11,-29.0,31.5,150.0,0,ON
2025-07-04 21:34:11,-29.0,31.5,150.0,0,ON
2025-07-04 21:34:12,-29.0,31.0,150.0,0,ON
2025-07-04 21:34:12,-29.0,31.0,150.0,0,ON
2025-07-04 21:34:12,-29.0,31.0,150.0,0,ON
2025-07-04 21:34:13,-29.0,31.5,150.0,0,ON
2025-07-04 21:34:13,-29.0,31.5,150.0,0,ON
2025-07-04 21:34:13,-29.0,31.0,150.0,0,ON
2025-07-04 21:34:14,-29.0,31.5,150.0,0,ON
2025-07-04 21:34:14,-29.0,31.5,150.0,0,ON
2025-07-04 21:34:15,-29.0,31.5,150.0,0,ON
2025-07-04 21:34:15,-29.0,31.5,150.0,0,ON
2025-07-04 21:34:16,-29.0,31.5,150.0,0,ON
2025-07-04 21:34:16,-29.0,31.5,150.0,0,ON
2025-07-04 21:34:17,-29.0,31.5,150.0,0,ON
2025-07-04 21:34:17,-29.0,31.5,150.0,0,ON
2025-07-04 21:34:18,-29.0,31.5,150.0,0,ON
2025-07-04 21:34:19,-29.0,31.5,150.0,0,ON
2025-07-04 21:34:19,-29.0,31.5,150.0,0,ON
2025-07-04 21:34:20,-29.0,31.5,150.0,0,ON
2025-07-04 21:34:21,-29.0,31.5,150.0,0,ON
2025-07-04 21:34:21,-29.0,31.5,150.0,0,ON
2025-07-04 21:34:22,-29.0,31.0,150.0,0,ON
2025-07-04 21:34:23,-29.0,31.0,150.0,0,ON
2025-07-04 21:34:24,-29.0,31.0,150.0,0,ON
2025-07-04 21:34:24,-29.0,31.0,150.0,0,ON
2025-07-04 21:34:25,-29.0,31.0,150.0,0,ON
2025-07-04 21:34:26,-29.0,31.0,150.0,0,ON
2025-07-04 21:34:26,-29.0,31.0,150.0,0,ON
2025-07-04 21:34:27,-29.0,31.5,150.0,0,ON
2025-07-04 21:34:28,-29.0,31.5,150.0,0,ON
2025-07-04 21:34:28,-29.0,31.5,150.0,0,ON
2025-07-04 21:34:29,-29.0,31.0,150.0,0,ON
2025-07-04 21:34:30,-29.0,31.0,150.0,0,ON
2025-07-04 21:34:30,-29.0,31.5,150.0,0,ON
2025-07-04 21:34:31,-29.0,31.5,150.0,0,ON
2025-07-04 21:34:32,-29.0,31.5,150.0,0,ON
2025-07-04 21:34:32,-29.0,30.5,150.0,0,ON
2025-07-04 21:34:33,-29.0,31.0,150.0,0,ON
2025-07-04 21:34:34,-29.0,31.0,150.0,0,ON
2025-07-04 21:34:34,-29.0,31.5,150.0,0,ON
2025-07-04 21:34:35,-29.0,31.5,150.0,0,ON
2025-07-04 21:34:36,-29.0,31.5,150.0,0,ON
2025-07-04 21:34:36,-29.0,31.5,150.0,0,ON
2025-07-04 21:34:37,-29.0,31.5,150.0,1,ON
2025-07-04 21:34:38,-29.0,31.0,150.0,1,ON
2025-07-04 21:34:38,-29.0,31.5,150.0,1,ON
2025-07-04 21:34:39,-30.0,32.0,150.0,0,ON
2025-07-04 21:34:40,-29.0,31.0,150.0,0,ON
2025-07-04 21:34:40,-29.0,31.0,150.0,0,ON
2025-07-04 21:34:41,-30.0,31.5,150.0,0,ON
2025-07-04 21:34:42,-30.0,31.5,150.0,0,ON
2025-07-04 21:34:42,-30.0,31.5,150.0,0,ON
2025-07-04 21:34:43,-30.0,31.5,150.0,1,ON
2025-07-04 21:34:44,-30.0,31.0,150.0,1,ON
2025-07-04 21:34:45,-30.0,31.0,150.0,1,ON
2025-07-04 21:34:46,-29.0,31.5,150.0,0,ON
2025-07-04 21:34:46,-30.0,31.5,150.0,0,ON
2025-07-04 21:34:47,-29.0,31.5,150.0,0,ON
2025-07-04 21:34:47,-29.0,31.5,150.0,0,ON
2025-07-04 21:34:48,-30.0,31.5,150.0,0,ON
2025-07-04 21:34:48,-30.0,31.5,150.0,0,ON
2025-07-04 21:34:49,-30.0,31.5,150.0,0,ON
2025-07-04 21:34:49,-30.0,31.5,150.0,0,ON
2025-07-04 21:34:50,-29.0,31.0,150.0,0,ON
2025-07-04 21:34:50,-30.0,31.5,150.0,0,ON
2025-07-04 21:34:51,-29.0,31.5,150.0,0,ON
2025-07-04 21:34:52,-29.0,31.5,150.0,0,ON
2025-07-04 21:34:52,-29.0,31.5,150.0,0,ON
2025-07-04 21:34:53,-30.0,31.0,150.0,1,ON
2025-07-04 21:34:54,-30.0,31.5,150.0,1,ON
2025-07-04 21:34:55,-29.0,31.5,150.0,1,ON
2025-07-04 21:34:55,-30.0,31.0,150.0,0,ON
2025-07-04 21:34:56,-29.0,32.0,150.0,0,ON
2025-07-04 21:34:56,-29.0,31.5,150.0,0,ON
2025-07-04 21:34:57,-30.0,31.0,150.0,0,ON
2025-07-04 21:34:58,-30.0,31.5,150.0,0,ON
2025-07-04 21:34:58,-30.0,31.5,150.0,0,ON
2025-07-04 21:34:59,-30.0,31.5,150.0,0,ON
2025-07-04 21:35:00,-30.0,31.0,150.0,0,ON
2025-07-04 21:35:01,-30.0,31.0,150.0,0,ON
2025-07-04 21:35:02,-30.0,31.0,150.0,0,ON
2025-07-04 21:35:02,-30.0,31.0,150.0,0,ON
2025-07-04 21:35:03,-30.0,31.5,150.0,0,ON
2025-07-04 21:35:04,-30.0,31.5,150.0,0,ON
2025-07-04 21:35:04,-30.0,31.0,150.0,0,ON
2025-07-04 21:35:05,-29.0,32.0,150.0,0,ON
2025-07-04 21:35:06,-29.0,31.0,150.0,0,ON
2025-07-04 21:35:06,-29.0,31.5,150.0,0,ON
2025-07-04 21:35:07,-30.0,31.0,150.0,0,ON
2025-07-04 21:35:08,-30.0,31.0,150.0,0,ON
2025-07-04 21:35:08,-30.0,31.0,150.0,0,ON
2025-07-04 21:35:09,-30.0,31.5,150.0,0,ON
2025-07-04 21:35:10,-30.0,31.0,150.0,0,ON
2025-07-04 21:35:11,0.0,31.0,150.0,0,ON
2025-07-04 21:35:11,-29.0,31.5,150.0,0,ON
2025-07-04 21:35:12,-29.0,31.5,150.0,0,ON
2025-07-04 21:35:12,-29.0,31.5,150.0,0,ON
2025-07-04 21:35:13,-29.0,31.5,150.0,0,ON
2025-07-04 21:35:14,-30.0,31.5,150.0,0,ON
2025-07-04 21:35:14,-30.0,31.0,150.0,0,ON
2025-07-04 21:35:15,-30.0,31.0,150.0,0,ON
2025-07-04 21:35:16,-30.0,31.0,150.0,0,ON
2025-07-04 21:35:16,-30.0,31.0,150.0,0,ON
2025-07-04 21:35:16,-30.0,31.0,150.0,0,ON
2025-07-04 21:35:17,-30.0,31.5,150.0,0,ON
2025-07-04 21:35:18,-30.0,31.5,150.0,0,ON
2025-07-04 21:35:18,-29.0,31.0,150.0,0,ON
2025-07-04 21:35:19,-30.0,31.5,150.0,1,ON
2025-07-04 21:35:19,-30.0,31.5,150.0,1,ON
2025-07-04 21:35:20,-30.0,31.0,150.0,1,ON
2025-07-04 21:35:21,-30.0,31.0,150.0,1,ON
2025-07-04 21:35:21,-30.0,31.0,150.0,1,ON
2025-07-04 21:35:22,-30.0,31.0,150.0,1,ON
2025-07-04 21:35:23,-30.0,32.0,150.0,0,ON
2025-07-04 21:35:23,-30.0,31.0,150.0,0,ON
2025-07-04 21:35:24,-31.0,31.5,150.0,0,ON
2025-07-04 21:35:25,-30.0,31.0,150.0,0,ON
2025-07-04 21:35:25,-30.0,31.0,150.0,0,ON
2025-07-04 21:35:26,-30.0,31.0,150.0,0,ON
2025-07-04 21:35:27,-30.0,31.5,150.0,0,ON
2025-07-04 21:35:27,-30.0,31.5,150.0,0,ON
2025-07-04 21:35:28,-30.0,31.5,150.0,0,ON
2025-07-04 21:35:29,-30.0,31.5,150.0,0,ON
2025-07-04 21:35:30,-30.0,31.5,150.0,0,ON
2025-07-04 21:35:30,-30.0,31.5,150.0,0,ON
2025-07-04 21:35:31,-30.0,31.0,150.0,1,ON
2025-07-04 21:35:32,-30.0,31.0,150.0,1,ON
2025-07-04 21:35:33,-30.0,31.0,150.0,1,ON
2025-07-04 21:35:33,-30.0,31.0,150.0,0,ON
2025-07-04 21:35:34,-30.0,31.0,150.0,0,ON
2025-07-04 21:35:34,-30.0,31.0,150.0,0,ON
2025-07-04 21:35:35,-30.0,31.5,150.0,0,ON
2025-07-04 21:35:36,-31.0,31.5,150.0,0,ON
2025-07-04 21:35:36,-31.0,31.5,150.0,0,ON
2025-07-04 21:35:37,-31.0,31.0,150.0,1,ON
2025-07-04 21:35:38,-31.0,31.5,150.0,1,ON
2025-07-04 21:35:38,-31.0,31.5,150.0,1,ON
2025-07-04 21:35:39,-30.0,31.0,150.0,2,ON
2025-07-04 21:35:39,-30.0,31.5,150.0,2,ON
2025-07-04 21:35:40,-30.0,31.0,150.0,2,ON
2025-07-04 21:35:41,-30.0,31.0,150.0,2,ON
2025-07-04 21:35:41,-30.0,31.5,150.0,2,ON
2025-07-04 21:35:42,-30.0,31.5,150.0,2,ON
2025-07-04 21:35:43,-30.0,31.5,150.0,2,ON
2025-07-04 21:35:43,-30.0,31.0,150.0,2,ON
2025-07-04 21:35:44,-31.0,31.5,150.0,2,ON
2025-07-04 21:35:45,-31.0,31.5,150.0,2,ON
2025-07-04 21:35:45,-31.0,31.5,150.0,2,ON
2025-07-04 21:35:46,-31.0,31.5,150.0,2,ON
2025-07-04 21:35:47,-31.0,31.0,150.0,2,ON
2025-07-04 21:35:47,-31.0,31.5,150.0,2,ON
2025-07-04 21:35:47,-31.0,31.5,150.0,2,ON
2025-07-04 21:35:48,-31.0,31.0,150.0,2,ON
2025-07-04 21:35:49,-31.0,31.5,150.0,2,ON
2025-07-04 21:35:49,-31.0,31.5,150.0,2,ON
2025-07-04 21:35:50,-31.0,31.5,150.0,2,ON
2025-07-04 21:35:51,-31.0,31.5,150.0,2,ON
2025-07-04 21:35:51,-32.0,31.0,150.0,2,ON
2025-07-04 21:35:52,-32.0,31.5,150.0,2,ON
2025-07-04 21:35:53,-32.0,31.5,150.0,1,ON
2025-07-04 21:35:53,-32.0,31.5,150.0,1,ON
2025-07-04 21:35:54,-32.0,31.0,150.0,1,ON
2025-07-04 21:35:55,-32.0,31.5,150.0,2,ON
2025-07-04 21:35:55,-32.0,31.0,150.0,2,ON
2025-07-04 21:35:55,-32.0,31.0,150.0,2,ON
2025-07-04 21:35:56,-32.0,31.5,150.0,2,ON
2025-07-04 21:35:57,-32.0,31.0,150.0,2,ON
2025-07-04 21:35:57,-32.0,31.5,150.0,2,ON
2025-07-04 21:35:58,-32.0,31.5,150.0,1,ON
2025-07-04 21:35:59,-32.0,31.0,150.0,1,ON
2025-07-04 21:36:00,-31.0,31.5,150.0,1,ON
2025-07-04 21:36:00,-32.0,31.5,150.0,1,ON
2025-07-04 21:36:01,-32.0,31.0,150.0,1,ON
2025-07-04 21:36:02,-32.0,31.5,150.0,1,ON
2025-07-04 21:36:02,-32.0,31.5,150.0,2,ON
2025-07-04 21:36:03,-32.0,31.5,150.0,2,ON
2025-07-04 21:36:03,-32.0,31.5,150.0,2,ON
2025-07-04 21:36:04,-32.0,31.5,150.0,1,ON
2025-07-04 21:36:04,-32.0,31.5,150.0,1,ON
2025-07-04 21:36:05,-32.0,31.5,150.0,1,ON
2025-07-04 21:36:06,-32.0,31.5,150.0,1,ON
2025-07-04 21:36:06,-32.0,31.5,150.0,1,ON
2025-07-04 21:36:07,-32.0,31.5,150.0,1,ON
2025-07-04 21:36:08,-32.0,31.0,150.0,1,ON
2025-07-04 21:36:09,-32.0,31.0,150.0,1,ON
2025-07-04 21:36:09,-32.0,31.5,150.0,1,ON
2025-07-04 21:36:10,-33.0,31.5,150.0,1,ON
2025-07-04 21:36:10,-33.0,31.5,150.0,1,ON
2025-07-04 21:36:11,-33.0,31.5,150.0,1,ON
2025-07-04 21:36:12,-32.0,31.0,150.0,1,ON
2025-07-04 21:36:12,-32.0,31.0,150.0,1,ON
2025-07-04 21:36:12,-32.0,31.5,150.0,1,ON
2025-07-04 21:36:13,-32.0,31.0,150.0,1,ON
2025-07-04 21:36:14,-32.0,31.5,150.0,1,ON
2025-07-04 21:36:14,-32.0,31.5,150.0,1,ON
2025-07-04 21:36:15,-32.0,31.5,150.0,1,ON
2025-07-04 21:36:15,-33.0,31.5,150.0,1,ON
2025-07-04 21:36:16,-33.0,31.5,150.0,1,ON
2025-07-04 21:36:17,-33.0,31.5,150.0,1,ON
2025-07-04 21:36:17,-33.0,31.5,150.0,1,ON
2025-07-04 21:36:17,-33.0,31.5,150.0,1,ON
2025-07-04 21:36:18,-33.0,31.5,150.0,1,ON
2025-07-04 21:36:19,-32.0,31.5,150.0,1,ON
2025-07-04 21:36:19,-32.0,31.5,150.0,1,ON
2025-07-04 21:36:20,-33.0,31.0,150.0,2,ON
2025-07-04 21:36:21,-33.0,31.0,150.0,2,ON
2025-07-04 21:36:21,-33.0,31.0,150.0,2,ON
2025-07-04 21:36:22,-33.0,31.0,150.0,2,ON
2025-07-04 21:36:22,-33.0,31.0,150.0,2,ON
2025-07-04 21:36:23,-33.0,31.5,150.0,2,ON
2025-07-04 21:36:24,-32.0,31.5,150.0,2,ON
2025-07-04 21:36:24,-31.0,31.5,150.0,2,ON
2025-07-04 21:36:24,-32.0,31.5,150.0,2,ON
2025-07-04 21:36:25,-33.0,31.5,150.0,1,ON
2025-07-04 21:36:26,-34.0,31.0,150.0,1,ON
2025-07-04 21:36:26,-33.0,31.5,150.0,1,ON
2025-07-04 21:36:27,-34.0,31.5,150.0,1,ON
2025-07-04 21:36:28,-34.0,31.5,150.0,1,ON
2025-07-04 21:36:28,-33.0,31.0,150.0,1,ON
2025-07-04 21:36:29,-33.0,31.5,150.0,2,ON
2025-07-04 21:36:30,-34.0,31.5,150.0,2,ON
2025-07-04 21:36:30,-34.0,31.5,150.0,2,ON
2025-07-04 21:36:31,-33.0,31.5,150.0,2,ON
2025-07-04 21:36:32,-33.0,31.0,150.0,2,ON
2025-07-04 21:36:32,-33.0,31.0,150.0,2,ON
2025-07-04 21:36:33,-33.0,31.5,150.0,2,ON
2025-07-04 21:36:34,-33.0,31.5,150.0,2,ON
2025-07-04 21:36:34,-33.0,31.5,150.0,2,ON
2025-07-04 21:36:35,-33.0,31.5,150.0,2,ON
2025-07-04 21:36:35,-34.0,31.5,150.0,2,ON
2025-07-04 21:36:36,-33.0,31.0,150.0,2,ON
2025-07-04 21:36:37,-33.0,31.0,150.0,2,ON
2025-07-04 21:36:37,-33.0,31.5,150.0,2,ON
2025-07-04 21:36:38,-33.0,31.5,150.0,2,ON
2025-07-04 21:36:39,-33.0,31.0,150.0,0,ON
2025-07-04 21:36:39,-33.0,31.5,150.0,0,ON
2025-07-04 21:36:40,-33.0,31.5,150.0,0,ON
2025-07-04 21:36:41,-33.0,31.5,150.0,0,ON
2025-07-04 21:36:41,-33.0,31.5,150.0,0,ON
2025-07-04 21:36:42,-33.0,31.5,150.0,0,ON
2025-07-04 21:36:43,-33.0,31.0,150.0,0,ON
2025-07-04 21:36:43,-33.0,31.5,150.0,0,ON
2025-07-04 21:36:44,-33.0,31.5,150.0,0,ON
2025-07-04 21:36:45,-33.0,31.5,150.0,0,ON
2025-07-04 21:36:45,-33.0,31.5,150.0,0,ON
2025-07-04 21:36:46,-32.0,31.0,150.0,0,ON
2025-07-04 21:36:47,-33.0,31.0,150.0,1,ON
2025-07-04 21:36:47,-33.0,31.5,150.0,1,ON
2025-07-04 21:36:48,-33.0,31.5,150.0,1,ON
2025-07-04 21:36:49,-33.0,31.0,150.0,1,ON
2025-07-04 21:36:49,-33.0,31.5,150.0,1,ON
2025-07-04 21:36:49,-33.0,31.0,150.0,1,ON
2025-07-04 21:36:49,-33.0,31.5,150.0,1,ON
2025-07-04 21:36:50,-33.0,31.0,150.0,1,ON
2025-07-04 21:36:51,-33.0,31.5,150.0,0,ON
2025-07-04 21:36:51,-33.0,31.5,150.0,0,ON
2025-07-04 21:36:52,-33.0,31.5,150.0,0,ON
2025-07-04 21:36:53,-33.0,31.5,150.0,1,ON
2025-07-04 21:36:53,-34.0,31.5,150.0,1,ON
2025-07-04 21:36:54,-33.0,31.0,150.0,1,ON
2025-07-04 21:36:55,-33.0,31.0,150.0,0,ON
2025-07-04 21:36:56,-33.0,31.5,150.0,0,ON
2025-07-04 21:36:56,-33.0,31.5,150.0,0,ON
2025-07-04 21:36:57,-33.0,31.5,150.0,1,ON
2025-07-04 21:36:57,-33.0,31.5,150.0,1,ON
2025-07-04 21:36:58,-33.0,31.5,150.0,1,ON
2025-07-04 21:36:59,-33.0,31.5,150.0,0,ON
2025-07-04 21:37:00,-33.0,31.5,150.0,0,ON
2025-07-04 21:37:01,-33.0,31.5,150.0,0,ON
2025-07-04 21:37:02,-33.0,31.0,150.0,0,ON
2025-07-04 21:37:02,-34.0,31.5,150.0,0,ON
2025-07-04 21:37:03,-34.0,31.0,150.0,0,ON
2025-07-04 21:37:04,-34.0,31.5,150.0,0,ON
2025-07-04 21:37:04,-34.0,31.5,150.0,0,ON
2025-07-04 21:37:05,-34.0,31.0,150.0,0,ON
2025-07-04 21:37:06,-35.0,31.5,150.0,0,ON
2025-07-04 21:37:06,-35.0,31.5,150.0,0,ON
2025-07-04 21:37:07,-35.0,31.0,150.0,0,ON
2025-07-04 21:37:08,-34.0,31.5,150.0,1,ON
2025-07-04 21:37:08,-34.0,31.0,150.0,1,ON
2025-07-04 21:37:09,-34.0,31.0,150.0,1,ON
2025-07-04 21:37:10,-34.0,31.5,150.0,1,ON
2025-07-04 21:37:11,-34.0,31.0,150.0,1,ON
2025-07-04 21:37:11,-35.0,31.5,150.0,1,ON
2025-07-04 21:37:12,-34.0,31.0,150.0,0,ON
2025-07-04 21:37:13,-34.0,31.0,150.0,0,ON
2025-07-04 21:37:13,-34.0,31.0,150.0,0,ON
2025-07-04 21:37:14,-34.0,31.5,150.0,0,ON
2025-07-04 21:37:15,-34.0,31.5,150.0,0,ON
2025-07-04 21:37:15,-34.0,31.0,150.0,0,ON
2025-07-04 21:37:16,-34.0,31.0,150.0,0,ON
2025-07-04 21:37:17,-34.0,31.5,150.0,0,ON
2025-07-04 21:37:17,-34.0,31.0,150.0,0,ON
2025-07-04 21:37:18,-34.0,31.5,150.0,1,ON
2025-07-04 21:37:19,-34.0,31.5,150.0,1,ON
2025-07-04 21:37:19,-33.0,31.5,150.0,1,ON
2025-07-04 21:37:20,-33.0,31.0,150.0,0,ON
2025-07-04 21:37:21,-34.0,31.0,150.0,0,ON
2025-07-04 21:37:21,-33.0,31.0,150.0,0,ON
2025-07-04 21:37:22,-33.0,31.0,150.0,0,ON
2025-07-04 21:37:22,-34.0,31.5,150.0,0,ON
2025-07-04 21:37:23,-34.0,31.5,150.0,0,ON
2025-07-04 21:37:24,-34.0,31.5,150.0,0,ON
2025-07-04 21:37:24,-34.0,31.5,150.0,0,ON
2025-07-04 21:37:25,-34.0,31.0,150.0,0,ON
2025-07-04 21:37:26,-33.0,32.0,150.0,0,ON
2025-07-04 21:37:26,-33.0,32.0,150.0,0,ON
2025-07-04 21:37:26,-33.0,31.5,150.0,0,ON
2025-07-04 21:37:27,-34.0,31.5,150.0,0,ON
2025-07-04 21:37:28,-34.0,31.5,150.0,0,ON
2025-07-04 21:37:28,-34.0,31.5,150.0,0,ON
2025-07-04 21:37:29,-34.0,31.5,150.0,1,ON
2025-07-04 21:37:30,-34.0,31.5,150.0,1,ON
2025-07-04 21:37:30,-34.0,31.0,150.0,1,ON
2025-07-04 21:37:31,-34.0,31.5,150.0,1,ON
2025-07-04 21:37:31,-34.0,31.5,150.0,1,ON
2025-07-04 21:37:32,-34.0,31.5,150.0,1,ON
2025-07-04 21:37:33,-34.0,31.0,150.0,1,ON
2025-07-04 21:37:33,-34.0,31.5,150.0,1,ON
2025-07-04 21:37:34,-34.0,31.5,150.0,1,ON
2025-07-04 21:37:35,-34.0,31.5,150.0,1,ON
2025-07-04 21:37:35,-34.0,31.0,150.0,1,ON
2025-07-04 21:37:36,-34.0,31.5,150.0,2,ON
2025-07-04 21:37:36,-34.0,31.0,150.0,1,ON
2025-07-04 21:37:37,-34.0,31.5,150.0,2,ON
2025-07-04 21:37:37,-34.0,31.5,150.0,2,ON
2025-07-04 21:37:38,-34.0,31.5,150.0,1,ON
2025-07-04 21:37:39,-34.0,31.5,150.0,1,ON
2025-07-04 21:37:39,-34.0,31.5,150.0,1,ON
2025-07-04 21:37:40,-34.0,31.0,150.0,1,ON
2025-07-04 21:37:40,-34.0,31.0,150.0,1,ON
2025-07-04 21:37:41,-34.0,31.0,150.0,1,ON
2025-07-04 21:37:42,-34.0,31.0,150.0,0,ON
2025-07-04 21:37:42,-35.0,31.5,150.0,0,ON
2025-07-04 21:37:42,-35.0,31.5,150.0,0,ON
2025-07-04 21:37:43,-34.0,31.0,150.0,0,ON
2025-07-04 21:37:44,-34.0,31.0,150.0,0,ON
2025-07-04 21:37:44,-34.0,31.5,150.0,0,ON
2025-07-04 21:37:45,-35.0,31.0,150.0,0,ON
2025-07-04 21:37:46,-34.0,31.0,150.0,0,ON
2025-07-04 21:37:46,-35.0,31.0,150.0,0,ON
2025-07-04 21:37:47,-35.0,31.0,150.0,0,ON
2025-07-04 21:37:47,-34.0,31.5,150.0,0,ON
2025-07-04 21:37:48,-34.0,31.5,150.0,0,ON
2025-07-04 21:37:49,-34.0,31.5,150.0,0,ON
2025-07-04 21:37:49,-34.0,31.5,150.0,0,ON
2025-07-04 21:37:49,-34.0,31.5,150.0,0,ON
2025-07-04 21:37:49,-34.0,31.5,150.0,0,ON
2025-07-04 21:37:50,-34.0,31.0,150.0,0,ON
2025-07-04 21:37:51,-34.0,31.0,150.0,0,ON
2025-07-04 21:37:52,-34.0,31.0,150.0,0,ON
2025-07-04 21:37:52,-35.0,31.5,150.0,0,ON
2025-07-04 21:37:53,-35.0,31.5,150.0,0,ON
2025-07-04 21:37:53,-35.0,31.5,150.0,0,ON
2025-07-04 21:37:54,-35.0,31.5,150.0,0,ON
2025-07-04 21:37:55,-35.0,31.5,150.0,0,ON
2025-07-04 21:37:55,-7.0,31.5,150.0,0,ON
2025-07-04 21:37:56,231.0,31.0,150.0,0,ON
2025-07-04 21:37:57,510.0,31.5,100.0,0,ON
2025-07-04 21:37:57,466.0,31.5,100.0,0,ON
2025-07-04 21:37:57,384.0,31.5,100.0,0,ON
2025-07-04 21:37:58,479.0,31.5,100.0,0,ON
2025-07-04 21:37:59,-35.0,31.0,150.0,0,ON
2025-07-04 21:37:59,-36.0,31.0,150.0,0,ON
2025-07-04 21:38:00,-35.0,31.0,150.0,0,ON
2025-07-04 21:38:00,-35.0,31.0,150.0,0,ON
2025-07-04 21:38:01,-35.0,31.0,150.0,0,ON
2025-07-04 21:38:02,-35.0,31.5,150.0,0,ON
2025-07-04 21:38:02,-35.0,31.5,150.0,0,ON
2025-07-04 21:38:02,-35.0,31.0,150.0,0,ON
2025-07-04 21:38:03,-35.0,31.5,150.0,0,ON
2025-07-04 21:38:04,-35.0,32.0,150.0,0,ON
2025-07-04 21:38:04,-35.0,31.5,150.0,0,ON
2025-07-04 21:38:05,-35.0,31.5,150.0,0,ON
2025-07-04 21:38:05,-35.0,31.5,150.0,0,ON
2025-07-04 21:38:06,-35.0,31.0,150.0,0,ON
2025-07-04 21:38:07,-35.0,31.5,150.0,0,ON
2025-07-04 21:38:07,-35.0,31.5,150.0,0,ON
2025-07-04 21:38:08,-35.0,31.0,150.0,0,ON
2025-07-04 21:38:09,-36.0,31.0,150.0,1,ON
2025-07-04 21:38:09,-36.0,31.5,150.0,1,ON
2025-07-04 21:38:10,-36.0,31.0,150.0,1,ON
2025-07-04 21:38:10,-35.0,31.5,150.0,0,ON
2025-07-04 21:38:11,-35.0,31.5,150.0,0,ON
2025-07-04 21:38:11,-35.0,31.5,150.0,0,ON
2025-07-04 21:38:12,-35.0,31.5,150.0,0,ON
2025-07-04 21:38:12,-35.0,31.5,150.0,0,ON
2025-07-04 21:38:13,-35.0,31.0,150.0,0,ON
2025-07-04 21:38:14,-36.0,31.5,150.0,0,ON
2025-07-04 21:38:14,-36.0,31.5,150.0,0,ON
2025-07-04 21:38:14,-36.0,31.5,150.0,0,ON
2025-07-04 21:38:15,-36.0,31.5,150.0,1,ON
2025-07-04 21:38:16,-36.0,31.5,150.0,1,ON
2025-07-04 21:38:16,-36.0,31.5,150.0,1,ON
2025-07-04 21:38:17,-36.0,31.0,150.0,1,ON
2025-07-04 21:38:17,-36.0,31.5,150.0,1,ON
2025-07-04 21:38:18,-36.0,31.5,150.0,1,ON
2025-07-04 21:38:19,-36.0,31.5,150.0,0,ON
2025-07-04 21:38:19,-36.0,31.5,150.0,0,ON
2025-07-04 21:38:19,-36.0,31.0,150.0,0,ON
2025-07-04 21:38:20,-36.0,31.5,150.0,0,ON
2025-07-04 21:38:21,-35.0,31.5,150.0,0,ON
2025-07-04 21:38:21,-35.0,31.5,150.0,0,ON
2025-07-04 21:38:22,-35.0,31.0,150.0,1,ON
2025-07-04 21:38:23,-36.0,31.5,150.0,1,ON
2025-07-04 21:38:23,-36.0,31.5,150.0,1,ON
2025-07-04 21:38:24,-36.0,31.5,150.0,1,ON
2025-07-04 21:38:25,-36.0,31.5,150.0,1,ON
2025-07-04 21:38:25,-36.0,31.0,150.0,1,ON
2025-07-04 21:38:26,-36.0,31.0,150.0,0,ON
2025-07-04 21:38:26,-36.0,31.0,150.0,0,ON
2025-07-04 21:38:27,-36.0,31.5,150.0,0,ON
2025-07-04 21:38:28,-36.0,31.5,150.0,0,ON
2025-07-04 21:38:28,-36.0,31.5,150.0,0,ON
2025-07-04 21:38:28,-36.0,31.5,150.0,0,ON
2025-07-04 21:38:29,-35.0,31.0,150.0,0,ON
2025-07-04 21:38:30,-35.0,31.0,150.0,0,ON
2025-07-04 21:38:30,-36.0,31.5,150.0,0,ON
2025-07-04 21:38:31,-35.0,31.5,150.0,0,ON
2025-07-04 21:38:31,-35.0,31.5,150.0,0,ON
2025-07-04 21:38:32,-35.0,31.5,150.0,0,ON
2025-07-04 21:38:33,-35.0,31.0,150.0,0,ON
2025-07-04 21:38:33,-35.0,31.5,150.0,0,ON
2025-07-04 21:38:34,-35.0,31.5,150.0,0,ON
2025-07-04 21:38:35,-35.0,31.5,150.0,0,ON
2025-07-04 21:38:35,-35.0,31.5,150.0,0,ON
2025-07-04 21:38:36,-35.0,31.5,150.0,0,ON
2025-07-04 21:38:37,-35.0,31.5,150.0,0,ON
2025-07-04 21:38:37,-35.0,31.5,150.0,0,ON
2025-07-04 21:38:37,-35.0,31.5,150.0,0,ON
2025-07-04 21:38:38,-35.0,31.0,150.0,0,ON
2025-07-04 21:38:39,-35.0,31.5,150.0,0,ON
2025-07-04 21:38:39,-35.0,31.5,150.0,0,ON
2025-07-04 21:38:40,-35.0,31.5,150.0,0,ON
2025-07-04 21:38:41,-35.0,31.5,150.0,0,ON
2025-07-04 21:38:41,-35.0,31.5,150.0,0,ON
2025-07-04 21:38:42,-35.0,31.5,150.0,0,ON
2025-07-04 21:38:43,-35.0,31.5,150.0,0,ON
2025-07-04 21:38:43,-35.0,31.5,150.0,0,ON
2025-07-04 21:38:44,-35.0,31.0,150.0,0,ON
2025-07-04 21:38:45,-35.0,31.0,150.0,0,ON
2025-07-04 21:38:45,-36.0,31.5,150.0,0,ON
2025-07-04 21:38:46,-36.0,31.0,150.0,0,ON
2025-07-04 21:38:46,-36.0,31.0,150.0,0,ON
2025-07-04 21:38:47,-36.0,31.5,150.0,0,ON
2025-07-04 21:38:48,-36.0,31.5,150.0,1,ON
2025-07-04 21:38:48,-35.0,31.5,150.0,1,ON
2025-07-04 21:38:48,-35.0,31.0,150.0,1,ON
2025-07-04 21:38:49,-35.0,31.0,150.0,1,ON
2025-07-04 21:38:49,-35.0,31.0,150.0,1,ON
2025-07-04 21:38:50,-35.0,31.0,150.0,1,ON
2025-07-04 21:38:50,-35.0,31.0,150.0,1,ON
2025-07-04 21:38:51,-36.0,31.5,150.0,0,ON
2025-07-04 21:38:52,-35.0,31.5,150.0,0,ON
2025-07-04 21:38:52,-35.0,31.5,150.0,0,ON
2025-07-04 21:38:53,-35.0,31.5,150.0,0,ON
2025-07-04 21:38:53,-35.0,31.5,150.0,0,ON
2025-07-04 21:38:54,-35.0,31.5,150.0,0,ON
2025-07-04 21:38:55,-35.0,31.5,150.0,0,ON
2025-07-04 21:38:55,-35.0,31.5,150.0,0,ON
2025-07-04 21:38:56,-35.0,31.5,150.0,0,ON
2025-07-04 21:38:57,-36.0,31.5,150.0,0,ON
2025-07-04 21:38:57,-36.0,31.5,150.0,0,ON
2025-07-04 21:38:58,-36.0,31.5,150.0,0,ON
2025-07-04 21:38:59,-36.0,31.0,150.0,0,ON
2025-07-04 21:38:59,-36.0,31.5,150.0,0,ON
2025-07-04 21:38:59,-36.0,31.5,150.0,0,ON
2025-07-04 21:39:00,-35.0,31.5,150.0,0,ON
2025-07-04 21:39:01,-36.0,30.5,150.0,0,ON
2025-07-04 21:39:01,-35.0,31.5,150.0,0,ON
2025-07-04 21:39:02,-35.0,31.5,150.0,0,ON
2025-07-04 21:39:03,-35.0,31.5,150.0,0,ON
2025-07-04 21:39:03,-35.0,31.5,150.0,0,ON
2025-07-04 21:39:04,-36.0,31.0,150.0,0,ON
2025-07-04 21:39:04,-36.0,31.0,150.0,0,ON
2025-07-04 21:39:05,-36.0,31.0,150.0,0,ON
2025-07-04 21:39:06,-36.0,31.5,150.0,0,ON
2025-07-04 21:39:06,-36.0,31.5,150.0,0,ON
2025-07-04 21:39:07,-36.0,31.0,150.0,0,ON
2025-07-04 21:39:08,-36.0,31.5,150.0,0,ON
2025-07-04 21:39:08,-36.0,31.0,150.0,0,ON
2025-07-04 21:39:09,-36.0,31.0,150.0,0,ON
2025-07-04 21:39:10,-35.0,31.5,150.0,0,ON
2025-07-04 21:39:10,-36.0,31.5,150.0,0,ON
2025-07-04 21:39:11,-36.0,31.0,150.0,0,ON
2025-07-04 21:39:12,-36.0,31.0,150.0,0,ON
2025-07-04 21:39:12,-36.0,31.0,150.0,0,ON
2025-07-04 21:39:13,-36.0,31.5,150.0,0,ON
2025-07-04 21:39:14,-36.0,31.5,150.0,0,ON
2025-07-04 21:39:14,-36.0,31.5,150.0,0,ON
2025-07-04 21:39:14,-36.0,31.5,150.0,0,ON
2025-07-04 21:39:15,-36.0,31.0,150.0,0,ON
2025-07-04 21:39:16,-36.0,31.5,150.0,0,ON
2025-07-04 21:39:16,-36.0,31.5,150.0,0,ON
2025-07-04 21:39:17,-36.0,31.5,150.0,0,ON
2025-07-04 21:39:18,-36.0,31.5,150.0,0,ON
2025-07-04 21:39:18,-36.0,31.5,150.0,0,ON
2025-07-04 21:39:19,-36.0,31.5,150.0,0,ON
2025-07-04 21:39:19,-36.0,31.5,150.0,0,ON
2025-07-04 21:39:20,-36.0,31.5,150.0,0,ON
2025-07-04 21:39:21,-36.0,31.5,150.0,1,ON
2025-07-04 21:39:21,-36.0,31.5,150.0,1,ON
2025-07-04 21:39:21,-36.0,31.0,150.0,1,ON
2025-07-04 21:39:22,-37.0,31.5,150.0,1,ON
2025-07-04 21:39:23,-36.0,31.5,150.0,1,ON
2025-07-04 21:39:23,-36.0,31.0,150.0,1,ON
2025-07-04 21:39:24,-36.0,31.0,150.0,1,ON
2025-07-04 21:39:25,-37.0,31.5,150.0,1,ON
2025-07-04 21:39:25,-37.0,31.5,150.0,1,ON
2025-07-04 21:39:26,-36.0,31.0,150.0,2,ON
2025-07-04 21:39:26,-37.0,31.5,150.0,2,ON
2025-07-04 21:39:27,-36.0,31.5,150.0,2,ON
2025-07-04 21:39:28,-36.0,31.5,150.0,1,ON
2025-07-04 21:39:28,-36.0,31.5,150.0,1,ON
2025-07-04 21:39:29,-36.0,31.5,150.0,1,ON
2025-07-04 21:39:30,-36.0,31.5,150.0,2,ON
2025-07-04 21:39:30,-36.0,31.5,150.0,2,ON
2025-07-04 21:39:30,-36.0,31.5,150.0,2,ON
2025-07-04 21:39:31,-36.0,31.5,150.0,2,ON
2025-07-04 21:39:32,-36.0,31.0,150.0,2,ON
2025-07-04 21:39:32,-36.0,31.5,150.0,2,ON
2025-07-04 21:39:33,-36.0,31.5,150.0,2,ON
2025-07-04 21:39:34,-36.0,31.5,150.0,2,ON
2025-07-04 21:39:34,-36.0,31.5,150.0,2,ON
2025-07-04 21:39:35,-37.0,31.5,150.0,1,ON
2025-07-04 21:39:35,-37.0,31.0,150.0,1,ON
2025-07-04 21:39:36,-37.0,31.0,150.0,1,ON
2025-07-04 21:39:37,-36.0,31.0,150.0,2,ON
2025-07-04 21:39:37,-37.0,31.5,150.0,2,ON
2025-07-04 21:39:38,-36.0,31.5,150.0,2,ON
2025-07-04 21:39:40,-36.0,31.5,150.0,1,ON
2025-07-04 21:39:41,-36.0,31.5,150.0,1,ON
2025-07-04 21:39:41,-36.0,31.5,150.0,1,ON
2025-07-04 21:39:42,-36.0,31.5,150.0,1,ON
2025-07-04 21:39:43,-36.0,31.0,150.0,1,ON
2025-07-04 21:39:43,-36.0,31.0,150.0,1,ON
2025-07-04 21:39:44,-36.0,31.5,150.0,1,ON
2025-07-04 21:39:44,-37.0,31.5,150.0,1,ON
2025-07-04 21:39:45,-37.0,31.5,150.0,1,ON
2025-07-04 21:39:46,-37.0,31.5,150.0,1,ON
2025-07-04 21:39:46,-37.0,31.5,150.0,1,ON
2025-07-04 21:39:47,-37.0,31.5,150.0,1,ON
2025-07-04 21:39:47,-37.0,31.5,150.0,1,ON
2025-07-04 21:39:48,-36.0,31.5,150.0,1,ON
2025-07-04 21:39:48,-36.0,31.5,150.0,1,ON
2025-07-04 21:39:49,-37.0,31.5,150.0,1,ON
2025-07-04 21:39:49,-37.0,31.5,150.0,1,ON
2025-07-04 21:39:50,-37.0,31.0,150.0,1,ON
2025-07-04 21:39:50,-37.0,31.5,150.0,1,ON
2025-07-04 21:39:51,-37.0,31.0,150.0,1,ON
2025-07-04 21:39:52,-37.0,31.0,150.0,1,ON
2025-07-04 21:39:52,-37.0,31.0,150.0,1,ON
2025-07-04 21:39:53,-37.0,31.5,150.0,1,ON
2025-07-04 21:39:54,-37.0,31.5,150.0,1,ON
2025-07-04 21:39:54,-37.0,31.5,150.0,1,ON
2025-07-04 21:39:55,-37.0,32.0,150.0,1,ON
2025-07-04 21:39:55,-37.0,31.5,150.0,1,ON
2025-07-04 21:39:56,-37.0,31.5,150.0,1,ON
2025-07-04 21:39:57,-37.0,31.5,150.0,1,ON
2025-07-04 21:39:57,-37.0,31.5,150.0,1,ON
2025-07-04 21:39:58,-37.0,31.5,150.0,1,ON
2025-07-04 21:39:58,-37.0,31.0,150.0,1,ON
2025-07-04 21:39:59,-37.0,31.0,150.0,1,ON
2025-07-04 21:39:59,-37.0,31.5,150.0,1,ON
2025-07-04 21:40:00,-37.0,31.5,150.0,1,ON
2025-07-04 21:40:01,-37.0,31.5,150.0,1,ON
2025-07-04 21:40:01,-37.0,31.5,150.0,1,ON
2025-07-04 21:40:02,-36.0,31.5,150.0,1,ON
2025-07-04 21:40:02,-37.0,31.5,150.0,1,ON
2025-07-04 21:40:03,-37.0,31.5,150.0,1,ON
2025-07-04 21:40:04,-37.0,31.5,150.0,1,ON
2025-07-04 21:40:04,-37.0,31.5,150.0,1,ON
2025-07-04 21:40:05,-37.0,31.5,150.0,1,ON
2025-07-04 21:40:06,-37.0,31.5,150.0,2,ON
2025-07-04 21:40:06,-37.0,31.5,150.0,2,ON
2025-07-04 21:40:07,-37.0,31.5,150.0,2,ON
2025-07-04 21:40:08,-37.0,31.5,150.0,1,ON
2025-07-04 21:40:08,-37.0,31.5,150.0,1,ON
2025-07-04 21:40:08,-37.0,31.5,150.0,1,ON
2025-07-04 21:40:09,-37.0,31.5,150.0,1,ON
2025-07-04 21:40:10,-37.0,31.0,150.0,1,ON
2025-07-04 21:40:10,-37.0,31.0,150.0,1,ON
2025-07-04 21:40:11,-37.0,31.0,150.0,1,ON
2025-07-04 21:40:11,-37.0,31.0,150.0,1,ON
2025-07-04 21:40:12,-37.0,31.0,150.0,1,ON
2025-07-04 21:40:13,-37.0,31.5,150.0,1,ON
2025-07-04 21:40:13,-37.0,31.0,150.0,1,ON
2025-07-04 21:40:14,-38.0,31.5,150.0,1,ON
2025-07-04 21:40:15,-37.0,31.5,150.0,1,ON
2025-07-04 21:40:15,-37.0,31.5,150.0,1,ON
2025-07-04 21:40:16,-37.0,31.5,150.0,1,ON
2025-07-04 21:40:16,-37.0,31.5,150.0,1,ON
2025-07-04 21:40:17,-37.0,31.5,150.0,1,ON
2025-07-04 21:40:17,-37.0,30.5,150.0,1,ON
2025-07-04 21:40:18,-37.0,31.5,150.0,1,ON
2025-07-04 21:40:19,-37.0,31.5,150.0,1,ON
2025-07-04 21:40:19,-37.0,31.0,150.0,1,ON
2025-07-04 21:40:20,-37.0,31.5,150.0,1,ON
2025-07-04 21:40:21,-37.0,31.0,150.0,1,ON
2025-07-04 21:40:21,-37.0,31.0,150.0,1,ON
2025-07-04 21:40:22,-38.0,31.0,150.0,2,ON
2025-07-04 21:40:22,-38.0,31.0,150.0,2,ON
2025-07-04 21:40:23,-37.0,32.0,150.0,2,ON
2025-07-04 21:40:24,-37.0,31.5,150.0,1,ON
2025-07-04 21:40:24,-37.0,31.5,150.0,1,ON
2025-07-04 21:40:25,-38.0,31.5,150.0,1,ON
2025-07-04 21:40:25,-37.0,31.0,150.0,0,ON
2025-07-04 21:40:26,-37.0,31.0,150.0,0,ON
2025-07-04 21:40:26,-37.0,31.5,150.0,0,ON
2025-07-04 21:40:27,-37.0,31.5,150.0,0,ON
2025-07-04 21:40:28,-37.0,31.5,150.0,0,ON
2025-07-04 21:40:28,-37.0,31.5,150.0,0,ON
2025-07-04 21:40:29,-37.0,31.0,150.0,0,ON
2025-07-04 21:40:30,-37.0,31.5,150.0,0,ON
2025-07-04 21:40:30,-37.0,31.5,150.0,0,ON
2025-07-04 21:40:31,-37.0,31.0,150.0,0,ON
2025-07-04 21:40:31,-37.0,31.0,150.0,0,ON
2025-07-04 21:40:32,-37.0,31.5,150.0,0,ON
2025-07-04 21:40:33,-37.0,31.5,150.0,0,ON
2025-07-04 21:40:33,-37.0,31.5,150.0,0,ON
2025-07-04 21:40:33,-37.0,31.5,150.0,0,ON
2025-07-04 21:40:34,-37.0,31.5,150.0,0,ON
2025-07-04 21:40:35,-37.0,31.5,150.0,0,ON
2025-07-04 21:40:35,-37.0,31.0,150.0,0,ON
2025-07-04 21:40:36,-37.0,31.5,150.0,1,ON
2025-07-04 21:40:36,-37.0,31.5,150.0,1,ON
2025-07-04 21:40:37,-37.0,31.5,150.0,1,ON
2025-07-04 21:40:38,-36.0,31.5,150.0,0,ON
2025-07-04 21:40:38,234.0,31.0,150.0,0,ON
2025-07-04 21:40:38,234.0,31.0,150.0,0,ON
2025-07-04 21:40:39,435.0,31.5,100.0,0,ON
2025-07-04 21:40:40,540.0,31.5,100.0,0,ON
2025-07-04 21:40:40,540.0,31.5,100.0,0,ON
2025-07-04 21:40:41,467.0,31.0,100.0,0,ON
2025-07-04 21:40:42,467.0,31.0,100.0,0,ON
2025-07-04 21:40:42,453.0,31.5,100.0,0,ON
2025-07-04 21:40:43,342.0,31.5,100.0,0,ON
2025-07-04 21:40:43,342.0,31.5,100.0,0,ON
2025-07-04 21:40:44,349.0,31.0,100.0,0,ON
2025-07-04 21:40:45,353.0,31.5,100.0,0,ON
2025-07-04 21:40:45,353.0,31.5,100.0,0,ON
2025-07-04 21:40:46,355.0,31.5,100.0,0,ON
2025-07-04 21:40:46,346.0,31.5,100.0,0,ON
2025-07-04 21:40:47,-37.0,31.5,150.0,0,ON
2025-07-04 21:40:47,-32.0,31.5,150.0,0,ON
2025-07-04 21:40:48,-37.0,31.5,150.0,1,ON
2025-07-04 21:40:48,-36.0,31.5,150.0,1,ON
2025-07-04 21:40:49,-36.0,31.5,150.0,1,ON
2025-07-04 21:40:50,-37.0,31.0,150.0,0,ON
